device,start_local,end_local,duration_s,no_broadcast_s,in_broadcast_s,cause
OT-2,2026-07-31 00:16:34,2026-07-31 00:16:54,21,13,8,no broadcast
OT-2,2026-07-31 00:35:10,2026-07-31 00:36:49,100,16,84,broadcast live but no frames
OT-2,2026-07-31 05:00:00,2026-07-31 05:01:06,67,14,53,scheduled reboot/rotation
OT-2,2026-07-31 06:13:00,2026-07-31 06:13:00,1,0,1,blip < 10 s
OT-2,2026-07-31 08:30:48,2026-07-31 13:01:08,16221,14,16207,broadcast live but no frames
OT-2,2026-07-31 21:00:00,2026-07-31 21:01:08,69,14,55,scheduled reboot/rotation
OT-2,2026-08-01 05:00:00,2026-08-01 05:01:07,68,13,55,scheduled reboot/rotation
OT-2,2026-08-01 13:00:00,2026-08-01 13:01:08,69,14,55,scheduled reboot/rotation
OT-2,2026-08-01 21:00:00,2026-08-01 21:01:04,65,13,52,scheduled reboot/rotation
OT-2,2026-08-01 21:10:10,2026-08-01 21:10:58,49,0,49,broadcast live but no frames
OT-2,2026-08-02 05:00:00,2026-08-02 05:01:10,71,15,56,scheduled reboot/rotation
OT-2,2026-08-02 05:20:03,2026-08-02 05:21:51,109,0,109,broadcast live but no frames
OT-2,2026-08-02 05:21:58,2026-08-02 05:24:03,126,0,126,broadcast live but no frames
OT-2,2026-08-02 13:00:00,2026-08-02 13:01:09,70,16,54,scheduled reboot/rotation
OT-2,2026-08-02 21:00:02,2026-08-02 21:01:11,70,16,54,scheduled reboot/rotation
OT-2,2026-08-02 21:56:25,2026-08-02 21:57:30,66,0,66,broadcast live but no frames
OT-2,2026-08-02 21:58:26,2026-08-02 22:02:04,219,0,219,broadcast live but no frames
OT-2,2026-08-03 05:00:00,2026-08-03 05:02:31,152,96,56,scheduled reboot/rotation
OT-2,2026-08-03 13:00:02,2026-08-03 13:01:08,67,14,53,scheduled reboot/rotation
OT-2,2026-08-03 13:08:48,2026-08-03 13:10:01,74,0,74,broadcast live but no frames
OT-2,2026-08-03 21:00:00,2026-08-03 21:02:02,123,68,55,scheduled reboot/rotation
OT-2,2026-08-03 21:09:00,2026-08-03 21:10:04,65,0,65,broadcast live but no frames
OT-2,2026-08-04 05:00:00,2026-08-04 05:02:06,127,72,55,scheduled reboot/rotation
OT-2,2026-08-04 13:00:02,2026-08-04 13:01:10,69,14,55,scheduled reboot/rotation
OT-2,2026-08-04 13:08:32,2026-08-04 13:09:57,86,0,86,broadcast live but no frames
OT-2,2026-08-04 13:10:35,2026-08-04 13:11:49,75,0,75,broadcast live but no frames
OT-2,2026-08-04 13:57:28,2026-08-04 13:57:55,28,0,28,broadcast live but no frames
OT-2,2026-08-04 14:40:08,2026-08-04 14:40:09,2,0,2,blip < 10 s
OT-2,2026-08-04 21:00:00,2026-08-04 21:01:08,69,13,56,scheduled reboot/rotation
OT-2,2026-08-04 21:06:54,2026-08-04 21:08:02,69,0,69,broadcast live but no frames
OT-2,2026-08-05 05:00:00,2026-08-05 05:01:09,70,14,56,scheduled reboot/rotation
OT-2,2026-08-05 11:04:29,2026-08-05 11:04:29,1,0,1,blip < 10 s
OT-2,2026-08-05 13:00:00,2026-08-05 13:01:09,70,14,56,scheduled reboot/rotation
OT-2,2026-08-05 14:49:05,2026-08-05 14:49:06,2,0,2,blip < 10 s
OT-2,2026-08-05 16:37:45,2026-08-05 16:37:45,1,0,1,blip < 10 s
OT-2,2026-08-05 16:37:57,2026-08-05 16:37:59,3,0,3,blip < 10 s
OT-2,2026-08-05 21:00:02,2026-08-05 21:01:09,68,14,54,scheduled reboot/rotation
OT-2,2026-08-06 05:00:00,2026-08-06 05:01:10,71,16,55,scheduled reboot/rotation
OT-2,2026-08-06 06:52:17,2026-08-06 06:52:24,8,0,8,blip < 10 s
OT-2,2026-08-06 10:39:53,2026-08-06 10:40:31,39,0,39,broadcast live but no frames
OT-2,2026-08-06 13:00:00,2026-08-06 13:01:10,71,15,56,scheduled reboot/rotation
OT-2,2026-08-06 13:17:28,2026-08-06 13:18:02,35,0,35,broadcast live but no frames
OT-2,2026-08-06 13:49:14,2026-08-06 13:49:18,5,0,5,blip < 10 s
OT-2,2026-08-06 21:00:02,2026-08-06 21:01:09,68,13,55,scheduled reboot/rotation
OT-2,2026-08-07 02:50:19,2026-08-07 02:50:24,6,0,6,blip < 10 s
OT-2,2026-08-07 05:00:02,2026-08-07 05:01:10,69,15,54,scheduled reboot/rotation
OT-2,2026-08-07 13:00:00,2026-08-07 13:01:08,69,13,56,scheduled reboot/rotation
OT-2,2026-08-07 21:00:02,2026-08-07 21:01:10,69,14,55,scheduled reboot/rotation
OT-2,2026-08-08 05:00:00,2026-08-08 05:01:09,70,15,55,scheduled reboot/rotation
OT-2,2026-08-08 13:00:02,2026-08-08 13:01:11,70,13,57,scheduled reboot/rotation
OT-2,2026-08-08 21:00:02,2026-08-08 21:01:11,70,15,55,scheduled reboot/rotation
OT-2,2026-08-09 05:00:00,2026-08-09 05:01:07,68,13,55,scheduled reboot/rotation
OT-2,2026-08-09 13:00:00,2026-08-09 13:01:09,70,14,56,scheduled reboot/rotation
OT-2,2026-08-09 21:00:00,2026-08-09 21:01:08,69,13,56,scheduled reboot/rotation
OT-2,2026-08-10 05:00:02,2026-08-10 05:01:10,69,14,55,scheduled reboot/rotation
OT-2,2026-08-10 10:31:44,2026-08-10 10:31:44,1,0,1,blip < 10 s
OT-2,2026-08-10 10:31:47,2026-08-10 10:31:48,2,0,2,blip < 10 s
OT-2,2026-08-10 10:31:51,2026-08-10 10:32:04,14,0,14,broadcast live but no frames
OT-2,2026-08-10 10:32:08,2026-08-10 10:32:08,1,0,1,blip < 10 s
OT-2,2026-08-10 12:11:14,2026-08-10 12:11:14,1,0,1,blip < 10 s
OT-2,2026-08-10 13:00:00,2026-08-10 13:01:06,67,15,52,scheduled reboot/rotation
OT-2,2026-08-10 16:11:53,2026-08-10 16:11:57,5,0,5,blip < 10 s
OT-2,2026-08-10 16:12:09,2026-08-10 16:12:09,1,0,1,blip < 10 s
OT-2,2026-08-10 16:12:11,2026-08-10 16:12:12,2,0,2,blip < 10 s
OT-2,2026-08-10 16:12:15,2026-08-10 16:12:21,7,0,7,blip < 10 s
OT-2,2026-08-10 16:12:23,2026-08-10 16:12:23,1,0,1,blip < 10 s
OT-2,2026-08-10 16:21:47,2026-08-10 16:21:52,6,0,6,blip < 10 s
OT-2,2026-08-10 16:21:57,2026-08-10 16:21:57,1,0,1,blip < 10 s
OT-2,2026-08-10 16:21:59,2026-08-10 16:22:00,2,0,2,blip < 10 s
OT-2,2026-08-10 16:22:05,2026-08-10 16:22:07,3,0,3,blip < 10 s
OT-2,2026-08-10 16:22:11,2026-08-10 16:22:16,6,0,6,blip < 10 s
OT-2,2026-08-10 21:00:00,2026-08-10 21:01:10,71,15,56,scheduled reboot/rotation
OT-2,2026-08-10 21:05:26,2026-08-10 21:05:26,1,0,1,blip < 10 s
OT-2,2026-08-11 05:00:00,2026-08-11 05:01:09,70,14,56,scheduled reboot/rotation
OT-2,2026-08-11 13:00:00,2026-08-11 13:01:11,72,16,56,scheduled reboot/rotation
OT-2,2026-08-11 14:31:30,2026-08-11 14:32:44,75,0,75,broadcast live but no frames
OT-2,2026-08-11 21:00:00,2026-08-11 21:01:11,72,16,56,scheduled reboot/rotation
OT-2,2026-08-12 03:07:38,2026-08-12 03:07:43,6,0,6,blip < 10 s
OT-2,2026-08-12 05:00:00,2026-08-12 05:01:10,71,15,56,scheduled reboot/rotation
OT-2,2026-08-12 07:32:48,2026-08-12 07:32:55,8,0,8,blip < 10 s
OT-2,2026-08-12 13:00:02,2026-08-12 13:01:10,69,16,53,scheduled reboot/rotation
OT-2,2026-08-12 21:00:02,2026-08-12 21:01:09,68,15,53,scheduled reboot/rotation
OT-2,2026-08-13 04:30:50,2026-08-13 05:01:10,1821,15,1806,broadcast live but no frames
OT-2,2026-08-13 09:52:18,2026-08-13 09:52:18,1,0,1,blip < 10 s
OT-2,2026-08-13 13:00:00,2026-08-13 13:01:11,72,16,56,scheduled reboot/rotation
OT-2,2026-08-13 13:17:22,2026-08-13 13:17:22,1,0,1,blip < 10 s
OT-2,2026-08-13 13:20:07,2026-08-13 13:20:07,1,0,1,blip < 10 s
OT-2,2026-08-13 13:26:13,2026-08-13 13:26:14,2,0,2,blip < 10 s
OT-2,2026-08-13 13:55:23,2026-08-13 13:55:23,1,0,1,blip < 10 s
OT-2,2026-08-13 14:01:04,2026-08-13 14:01:04,1,0,1,blip < 10 s
OT-2,2026-08-13 14:01:17,2026-08-13 14:01:19,3,0,3,blip < 10 s
OT-2,2026-08-13 14:01:21,2026-08-13 14:01:28,8,0,8,blip < 10 s
OT-2,2026-08-13 14:01:30,2026-08-13 14:01:34,5,0,5,blip < 10 s
OT-2,2026-08-13 14:01:36,2026-08-13 14:01:36,1,0,1,blip < 10 s
OT-2,2026-08-13 14:02:14,2026-08-13 14:02:15,2,0,2,blip < 10 s
OT-2,2026-08-13 14:02:19,2026-08-13 14:02:20,2,0,2,blip < 10 s
OT-2,2026-08-13 14:02:23,2026-08-13 14:02:26,4,0,4,blip < 10 s
OT-2,2026-08-13 14:02:29,2026-08-13 14:02:30,2,0,2,blip < 10 s
OT-2,2026-08-13 14:02:32,2026-08-13 14:02:32,1,0,1,blip < 10 s
OT-2,2026-08-13 14:02:34,2026-08-13 14:02:35,2,0,2,blip < 10 s
OT-2,2026-08-13 17:43:02,2026-08-13 17:43:08,7,0,7,blip < 10 s
OT-2,2026-08-13 19:53:15,2026-08-13 19:53:20,6,0,6,blip < 10 s
OT-2,2026-08-13 21:00:02,2026-08-13 21:01:10,69,14,55,scheduled reboot/rotation
OT-2,2026-08-14 05:00:00,2026-08-14 05:01:07,68,15,53,scheduled reboot/rotation
OT-2,2026-08-14 13:00:02,2026-08-14 13:01:09,68,14,54,scheduled reboot/rotation
OT-2,2026-08-14 21:00:00,2026-08-14 21:01:09,70,15,55,scheduled reboot/rotation
OT-2,2026-08-15 01:44:38,2026-08-15 01:44:43,6,0,6,blip < 10 s
OT-2,2026-08-15 05:00:00,2026-08-15 05:01:09,70,14,56,scheduled reboot/rotation
OT-2,2026-08-15 12:30:50,2026-08-15 13:01:10,1821,15,1806,broadcast live but no frames
OT-2,2026-08-15 21:00:00,2026-08-15 21:01:11,72,14,58,scheduled reboot/rotation
OT-2,2026-08-16 05:00:02,2026-08-16 05:01:13,72,17,55,scheduled reboot/rotation
OT-2,2026-08-16 12:30:50,2026-08-16 13:01:10,1821,15,1806,broadcast live but no frames
OT-2,2026-08-16 21:00:00,2026-08-16 21:01:11,72,15,57,scheduled reboot/rotation
OT-2,2026-08-17 05:00:02,2026-08-17 05:01:09,68,14,54,scheduled reboot/rotation
OT-2,2026-08-17 12:18:06,2026-08-17 12:18:06,1,0,1,blip < 10 s
OT-2,2026-08-17 12:18:09,2026-08-17 12:18:10,2,0,2,blip < 10 s
OT-2,2026-08-17 12:18:12,2026-08-17 12:18:21,10,0,10,broadcast live but no frames
OT-2,2026-08-17 12:18:23,2026-08-17 12:18:23,1,0,1,blip < 10 s
OT-2,2026-08-17 12:27:12,2026-08-17 12:27:14,3,0,3,blip < 10 s
OT-2,2026-08-17 12:36:51,2026-08-17 12:36:52,2,0,2,blip < 10 s
OT-2,2026-08-17 12:36:57,2026-08-17 12:36:58,2,0,2,blip < 10 s
OT-2,2026-08-17 12:37:01,2026-08-17 12:37:05,5,0,5,blip < 10 s
OT-2,2026-08-17 12:37:08,2026-08-17 12:37:08,1,0,1,blip < 10 s
OT-2,2026-08-17 12:37:10,2026-08-17 12:37:11,2,0,2,blip < 10 s
OT-2,2026-08-17 13:00:00,2026-08-17 13:01:12,73,17,56,scheduled reboot/rotation
OT-2,2026-08-17 13:13:50,2026-08-17 13:13:56,7,0,7,blip < 10 s
OT-2,2026-08-17 13:13:58,2026-08-17 13:13:58,1,0,1,blip < 10 s
OT-2,2026-08-17 13:14:04,2026-08-17 13:14:08,5,0,5,blip < 10 s
OT-2,2026-08-17 13:14:10,2026-08-17 13:14:18,9,0,9,blip < 10 s
OT-2,2026-08-17 13:14:20,2026-08-17 13:14:42,23,0,23,broadcast live but no frames
OT-2,2026-08-17 13:14:44,2026-08-17 13:14:49,6,0,6,blip < 10 s
OT-2,2026-08-17 13:14:51,2026-08-17 13:14:51,1,0,1,blip < 10 s
OT-2,2026-08-17 13:14:53,2026-08-17 13:14:53,1,0,1,blip < 10 s
OT-2,2026-08-17 17:37:28,2026-08-17 17:37:28,1,0,1,blip < 10 s
OT-2,2026-08-17 21:00:00,2026-08-17 21:01:09,70,14,56,scheduled reboot/rotation
OT-2,2026-08-18 05:00:00,2026-08-18 05:01:12,73,16,57,scheduled reboot/rotation
OT-2,2026-08-18 06:03:38,2026-08-18 06:03:43,6,0,6,blip < 10 s
OT-2,2026-08-18 06:15:35,2026-08-18 06:15:39,5,0,5,blip < 10 s
OT-2,2026-08-18 06:23:54,2026-08-18 06:24:01,8,0,8,blip < 10 s
OT-2,2026-08-18 12:00:30,2026-08-18 12:00:34,5,0,5,blip < 10 s
OT-2,2026-08-18 12:00:38,2026-08-18 12:00:44,7,0,7,blip < 10 s
OT-2,2026-08-18 12:10:08,2026-08-18 12:10:08,1,0,1,blip < 10 s
OT-2,2026-08-18 12:33:32,2026-08-18 12:33:36,5,0,5,blip < 10 s
OT-2,2026-08-18 12:33:38,2026-08-18 12:33:43,6,0,6,blip < 10 s
OT-2,2026-08-18 12:40:20,2026-08-18 12:40:27,8,0,8,blip < 10 s
OT-2,2026-08-18 12:40:30,2026-08-18 12:40:30,1,0,1,blip < 10 s
OT-2,2026-08-18 12:41:19,2026-08-18 12:41:22,4,0,4,blip < 10 s
OT-2,2026-08-18 12:45:24,2026-08-18 12:45:25,2,0,2,blip < 10 s
OT-2,2026-08-18 12:45:27,2026-08-18 12:45:29,3,0,3,blip < 10 s
OT-2,2026-08-18 13:00:00,2026-08-18 13:01:07,68,14,54,scheduled reboot/rotation
OT-2,2026-08-18 13:47:36,2026-08-18 13:47:36,1,0,1,blip < 10 s
OT-2,2026-08-18 13:47:52,2026-08-18 13:47:52,1,0,1,blip < 10 s
OT-2,2026-08-18 13:47:56,2026-08-18 13:47:57,2,0,2,blip < 10 s
OT-2,2026-08-18 13:47:59,2026-08-18 13:48:00,2,0,2,blip < 10 s
OT-2,2026-08-18 13:49:03,2026-08-18 13:49:04,2,0,2,blip < 10 s
OT-2,2026-08-18 13:50:46,2026-08-18 13:50:52,7,0,7,blip < 10 s
OT-2,2026-08-18 13:50:54,2026-08-18 13:50:54,1,0,1,blip < 10 s
OT-2,2026-08-18 13:50:57,2026-08-18 13:50:57,1,0,1,blip < 10 s
OT-2,2026-08-18 15:03:02,2026-08-18 15:03:02,1,0,1,blip < 10 s
OT-2,2026-08-18 15:08:56,2026-08-18 15:09:00,5,0,5,blip < 10 s
OT-2,2026-08-18 15:59:32,2026-08-18 15:59:34,3,0,3,blip < 10 s
OT-2,2026-08-18 15:59:36,2026-08-18 15:59:36,1,0,1,blip < 10 s
OT-2,2026-08-18 15:59:39,2026-08-18 15:59:39,1,0,1,blip < 10 s
OT-2,2026-08-18 16:00:27,2026-08-18 16:00:28,2,0,2,blip < 10 s
OT-2,2026-08-18 16:00:34,2026-08-18 16:00:34,1,0,1,blip < 10 s
OT-2,2026-08-18 16:00:44,2026-08-18 16:00:44,1,0,1,blip < 10 s
OT-2,2026-08-18 16:00:51,2026-08-18 16:00:51,1,0,1,blip < 10 s
OT-2,2026-08-18 16:01:00,2026-08-18 16:01:01,2,0,2,blip < 10 s
OT-2,2026-08-18 16:01:10,2026-08-18 16:01:10,1,0,1,blip < 10 s
OT-2,2026-08-18 16:01:17,2026-08-18 16:01:17,1,0,1,blip < 10 s
OT-2,2026-08-18 16:01:37,2026-08-18 16:01:37,1,0,1,blip < 10 s
OT-2,2026-08-18 16:01:42,2026-08-18 16:01:42,1,0,1,blip < 10 s
OT-2,2026-08-18 16:01:46,2026-08-18 16:01:47,2,0,2,blip < 10 s
OT-2,2026-08-18 16:01:49,2026-08-18 16:01:49,1,0,1,blip < 10 s
OT-2,2026-08-18 16:01:58,2026-08-18 16:01:58,1,0,1,blip < 10 s
OT-2,2026-08-18 16:02:03,2026-08-18 16:02:03,1,0,1,blip < 10 s
OT-2,2026-08-18 16:02:05,2026-08-18 16:02:05,1,0,1,blip < 10 s
OT-2,2026-08-18 16:02:09,2026-08-18 16:02:10,2,0,2,blip < 10 s
OT-2,2026-08-18 16:02:26,2026-08-18 16:02:26,1,0,1,blip < 10 s
OT-2,2026-08-18 16:02:29,2026-08-18 16:02:29,1,0,1,blip < 10 s
OT-2,2026-08-18 16:02:39,2026-08-18 16:02:40,2,0,2,blip < 10 s
OT-2,2026-08-18 16:02:43,2026-08-18 16:02:43,1,0,1,blip < 10 s
OT-2,2026-08-18 16:02:50,2026-08-18 16:02:50,1,0,1,blip < 10 s
OT-2,2026-08-18 16:02:59,2026-08-18 16:02:59,1,0,1,blip < 10 s
OT-2,2026-08-18 16:03:10,2026-08-18 16:03:10,1,0,1,blip < 10 s
OT-2,2026-08-18 16:06:01,2026-08-18 16:06:34,34,0,34,broadcast live but no frames
OT-2,2026-08-18 16:23:16,2026-08-18 16:23:16,1,0,1,blip < 10 s
OT-2,2026-08-18 16:23:25,2026-08-18 16:23:25,1,0,1,blip < 10 s
OT-2,2026-08-18 16:23:27,2026-08-18 16:23:27,1,0,1,blip < 10 s
OT-2,2026-08-18 17:04:56,2026-08-18 17:06:11,76,0,76,broadcast live but no frames
OT-2,2026-08-18 19:24:47,2026-08-18 19:24:47,1,0,1,blip < 10 s
OT-2,2026-08-18 21:00:02,2026-08-18 21:01:12,71,17,54,scheduled reboot/rotation
OT-2,2026-08-19 01:00:31,2026-08-19 01:00:37,7,0,7,blip < 10 s
OT-2,2026-08-19 05:00:00,2026-08-19 05:01:11,72,16,56,scheduled reboot/rotation
OT-2,2026-08-19 12:52:10,2026-08-19 12:52:10,1,0,1,blip < 10 s
OT-2,2026-08-19 13:00:02,2026-08-19 13:01:12,71,15,56,scheduled reboot/rotation
OT-2,2026-08-19 21:00:00,2026-08-19 21:01:14,75,17,58,scheduled reboot/rotation
OT-2,2026-08-20 05:00:00,2026-08-20 05:01:11,72,16,56,scheduled reboot/rotation
OT-2,2026-08-20 13:00:02,2026-08-20 13:01:10,69,15,54,scheduled reboot/rotation
OT-2,2026-08-20 14:30:49,2026-08-20 14:30:52,4,0,4,blip < 10 s
OT-2,2026-08-20 21:00:00,2026-08-20 21:01:12,73,17,56,scheduled reboot/rotation
OT-2,2026-08-21 05:00:00,2026-08-21 05:02:35,156,13,143,scheduled reboot/rotation
OT-2,2026-08-21 13:00:00,2026-08-21 13:01:09,70,14,56,scheduled reboot/rotation
OT-2,2026-08-21 13:02:51,2026-08-21 13:02:57,7,0,7,blip < 10 s
OT-2,2026-08-21 13:04:52,2026-08-21 13:04:52,1,0,1,blip < 10 s
OT-2,2026-08-21 13:04:55,2026-08-21 13:04:55,1,0,1,blip < 10 s
OT-2,2026-08-21 13:04:58,2026-08-21 13:04:58,1,0,1,blip < 10 s
OT-2,2026-08-21 13:05:01,2026-08-21 13:05:02,2,0,2,blip < 10 s
OT-2,2026-08-21 13:05:06,2026-08-21 13:05:07,2,0,2,blip < 10 s
OT-2,2026-08-21 13:05:29,2026-08-21 13:05:29,1,0,1,blip < 10 s
OT-2,2026-08-21 13:05:33,2026-08-21 13:05:33,1,0,1,blip < 10 s
OT-2,2026-08-21 13:05:36,2026-08-21 13:05:40,5,0,5,blip < 10 s
OT-2,2026-08-21 13:06:40,2026-08-21 13:06:40,1,0,1,blip < 10 s
OT-2,2026-08-21 21:00:00,2026-08-21 21:01:11,72,17,55,scheduled reboot/rotation
OT-2,2026-08-21 23:04:38,2026-08-21 23:04:38,1,0,1,blip < 10 s
OT-2,2026-08-22 05:00:00,2026-08-22 05:01:12,73,17,56,scheduled reboot/rotation
OT-2,2026-08-22 13:00:00,2026-08-22 13:01:10,71,16,55,scheduled reboot/rotation
OT-2,2026-08-22 21:00:02,2026-08-22 21:01:10,69,15,54,scheduled reboot/rotation
OT-2,2026-08-23 05:00:00,2026-08-23 05:01:06,67,14,53,scheduled reboot/rotation
OT-2,2026-08-23 13:00:00,2026-08-23 13:01:13,74,16,58,scheduled reboot/rotation
OT-2,2026-08-23 21:00:00,2026-08-23 21:01:10,71,14,57,scheduled reboot/rotation
OT-2,2026-08-24 05:00:00,2026-08-24 05:01:08,69,15,54,scheduled reboot/rotation
OT-2,2026-08-24 13:00:00,2026-08-24 13:01:11,72,16,56,scheduled reboot/rotation
OT-2,2026-08-24 21:00:00,2026-08-24 21:01:11,72,17,55,scheduled reboot/rotation
OT-2,2026-08-25 05:00:00,2026-08-25 05:01:11,72,16,56,scheduled reboot/rotation
OT-2,2026-08-25 07:01:13,2026-08-25 07:01:20,8,0,8,blip < 10 s
OT-2,2026-08-25 07:39:00,2026-08-25 07:39:02,3,0,3,blip < 10 s
OT-2,2026-08-25 07:39:04,2026-08-25 07:39:07,4,0,4,blip < 10 s
OT-2,2026-08-25 07:39:09,2026-08-25 07:39:09,1,0,1,blip < 10 s
OT-2,2026-08-25 13:00:00,2026-08-25 13:01:12,73,15,58,scheduled reboot/rotation
OT-2,2026-08-25 13:12:15,2026-08-25 13:12:23,9,0,9,blip < 10 s
OT-2,2026-08-25 13:12:27,2026-08-25 13:12:35,9,0,9,blip < 10 s
OT-2,2026-08-25 13:12:37,2026-08-25 13:12:37,1,0,1,blip < 10 s
OT-2,2026-08-25 13:12:39,2026-08-25 13:12:40,2,0,2,blip < 10 s
OT-2,2026-08-25 13:13:52,2026-08-25 13:13:52,1,0,1,blip < 10 s
OT-2,2026-08-25 13:13:55,2026-08-25 13:13:55,1,0,1,blip < 10 s
OT-2,2026-08-25 13:15:26,2026-08-25 13:15:26,1,0,1,blip < 10 s
OT-2,2026-08-25 13:16:39,2026-08-25 13:16:40,2,0,2,blip < 10 s
OT-2,2026-08-25 17:29:18,2026-08-25 17:29:37,20,0,20,broadcast live but no frames
OT-2,2026-08-25 17:29:39,2026-08-25 17:29:40,2,0,2,blip < 10 s
OT-2,2026-08-25 21:00:02,2026-08-25 21:01:15,74,18,56,scheduled reboot/rotation
OT-2,2026-08-26 05:00:00,2026-08-26 05:01:06,67,14,53,scheduled reboot/rotation
OT-2,2026-08-26 13:00:02,2026-08-26 13:01:09,68,15,53,scheduled reboot/rotation
OT-2,2026-08-26 13:19:12,2026-08-26 13:19:19,8,0,8,blip < 10 s
OT-2,2026-08-26 17:08:25,2026-08-26 17:08:30,6,0,6,blip < 10 s
OT-2,2026-08-26 21:00:00,2026-08-26 21:01:10,71,16,55,scheduled reboot/rotation
OT-2,2026-08-27 00:33:36,2026-08-27 00:33:43,8,0,8,blip < 10 s
OT-2,2026-08-27 02:45:59,2026-08-27 02:46:04,6,0,6,blip < 10 s
OT-2,2026-08-27 05:00:02,2026-08-27 05:01:10,69,15,54,scheduled reboot/rotation
OT-2,2026-08-27 06:13:54,2026-08-27 07:33:17,4764,17,4747,broadcast live but no frames
OT-2,2026-08-27 07:34:22,2026-08-27 07:35:36,75,0,75,broadcast live but no frames
OT-2,2026-08-27 07:35:38,2026-08-27 07:35:38,1,0,1,blip < 10 s
OT-2,2026-08-27 08:34:59,2026-08-27 08:35:12,14,0,14,broadcast live but no frames
OT-2,2026-08-27 08:35:14,2026-08-27 08:35:14,1,0,1,blip < 10 s
OT-2,2026-08-27 13:00:00,2026-08-27 13:01:09,70,15,55,scheduled reboot/rotation
OT-2,2026-08-27 13:04:10,2026-08-27 13:05:11,62,0,62,broadcast live but no frames
OT-2,2026-08-27 21:00:00,2026-08-27 21:01:11,72,15,57,scheduled reboot/rotation
OT-2,2026-08-27 23:58:11,2026-08-27 23:58:12,2,0,2,blip < 10 s
OT-2,2026-08-28 05:00:00,2026-08-28 05:01:12,73,17,56,scheduled reboot/rotation
OT-2,2026-08-28 06:09:06,2026-08-28 06:09:08,3,0,3,blip < 10 s
OT-2,2026-08-28 09:04:52,2026-08-28 09:04:52,1,0,1,blip < 10 s
OT-2,2026-08-28 09:04:55,2026-08-28 09:05:06,12,0,12,broadcast live but no frames
OT-2,2026-08-28 09:05:09,2026-08-28 09:05:09,1,0,1,blip < 10 s
OT-2,2026-08-28 13:00:00,2026-08-28 13:01:07,68,14,54,scheduled reboot/rotation
OT-2,2026-08-28 13:56:51,2026-08-28 13:57:20,30,0,30,broadcast live but no frames
OT-2,2026-08-28 21:00:00,2026-08-28 21:01:09,70,13,57,scheduled reboot/rotation
OT-2,2026-08-29 05:00:00,2026-08-29 05:01:10,71,15,56,scheduled reboot/rotation
OT-2,2026-08-29 13:00:02,2026-08-29 13:01:10,69,17,52,scheduled reboot/rotation
OT-2,2026-08-29 21:00:02,2026-08-29 21:01:09,68,14,54,scheduled reboot/rotation
OT-2,2026-08-30 05:00:00,2026-08-30 05:01:12,73,15,58,scheduled reboot/rotation
OT-2,2026-08-30 13:00:02,2026-08-30 13:01:10,69,14,55,scheduled reboot/rotation
OT-2,2026-08-30 13:06:20,2026-08-30 13:07:36,77,0,77,broadcast live but no frames
OT-2,2026-08-30 21:00:02,2026-08-30 21:01:10,69,16,53,scheduled reboot/rotation
OT-2,2026-08-31 03:37:01,2026-08-31 03:37:01,1,0,1,blip < 10 s
OT-2,2026-08-31 05:00:00,2026-08-31 05:01:09,70,15,55,scheduled reboot/rotation
OT-2,2026-08-31 09:30:26,2026-08-31 09:30:27,2,0,2,blip < 10 s
OT-2,2026-08-31 09:30:29,2026-08-31 09:30:35,7,0,7,blip < 10 s
OT-2,2026-08-31 09:30:37,2026-08-31 09:30:37,1,0,1,blip < 10 s
OT-2,2026-08-31 09:30:42,2026-08-31 09:30:53,12,0,12,broadcast live but no frames
OT-2,2026-08-31 09:30:55,2026-08-31 09:30:55,1,0,1,blip < 10 s
OT-2,2026-08-31 09:30:57,2026-08-31 09:30:58,2,0,2,blip < 10 s
OT-2,2026-08-31 13:00:00,2026-08-31 13:01:09,70,14,56,scheduled reboot/rotation
OT-2,2026-08-31 15:06:43,2026-08-31 15:06:43,1,0,1,blip < 10 s
OT-2,2026-08-31 16:30:27,2026-08-31 16:30:28,2,0,2,blip < 10 s
OT-2,2026-08-31 21:00:00,2026-08-31 21:01:10,71,15,56,scheduled reboot/rotation
OT-2,2026-09-01 05:00:00,2026-09-01 05:01:09,70,16,54,scheduled reboot/rotation
OT-2,2026-09-01 13:00:00,2026-09-01 13:01:07,68,15,53,scheduled reboot/rotation
OT-2,2026-09-01 21:00:02,2026-09-01 21:01:11,70,15,55,scheduled reboot/rotation
OT-2,2026-09-02 05:00:00,2026-09-02 05:01:09,70,15,55,scheduled reboot/rotation
OT-2,2026-09-02 06:24:15,2026-09-02 06:24:15,1,0,1,blip < 10 s
OT-2,2026-09-02 08:10:52,2026-09-02 08:10:56,5,0,5,blip < 10 s
OT-2,2026-09-02 09:37:39,2026-09-02 09:37:39,1,0,1,blip < 10 s
OT-2,2026-09-02 09:37:51,2026-09-02 09:37:52,2,0,2,blip < 10 s
OT-2,2026-09-02 09:37:54,2026-09-02 09:37:55,2,0,2,blip < 10 s
OT-2,2026-09-02 09:37:59,2026-09-02 09:37:59,1,0,1,blip < 10 s
OT-2,2026-09-02 09:51:18,2026-09-02 09:51:23,6,0,6,blip < 10 s
OT-2,2026-09-02 10:04:23,2026-09-02 10:04:23,1,0,1,blip < 10 s
OT-2,2026-09-02 10:04:54,2026-09-02 10:05:13,20,0,20,broadcast live but no frames
OT-2,2026-09-02 10:05:15,2026-09-02 10:05:17,3,0,3,blip < 10 s
OT-2,2026-09-02 10:31:50,2026-09-02 10:32:09,20,0,20,broadcast live but no frames
OT-2,2026-09-02 10:32:12,2026-09-02 10:32:13,2,0,2,blip < 10 s
OT-2,2026-09-02 10:32:43,2026-09-02 10:32:44,2,0,2,blip < 10 s
OT-2,2026-09-02 10:32:46,2026-09-02 10:32:51,6,0,6,blip < 10 s
OT-2,2026-09-02 13:00:00,2026-09-02 13:01:08,69,13,56,scheduled reboot/rotation
OT-2,2026-09-02 21:00:02,2026-09-02 21:01:11,70,15,55,scheduled reboot/rotation
OT-2,2026-09-03 05:00:00,2026-09-03 05:01:07,68,13,55,scheduled reboot/rotation
OT-2,2026-09-03 13:00:02,2026-09-03 13:01:09,68,14,54,scheduled reboot/rotation
OT-2,2026-09-03 13:48:08,2026-09-03 13:48:17,10,0,10,broadcast live but no frames
OT-2,2026-09-03 13:48:19,2026-09-03 13:48:52,34,0,34,broadcast live but no frames
OT-2,2026-09-03 18:28:33,2026-09-03 18:28:38,6,0,6,blip < 10 s
OT-2,2026-09-03 21:00:00,2026-09-03 21:01:07,68,14,54,scheduled reboot/rotation
OT-2,2026-09-04 05:00:00,2026-09-04 05:01:11,72,17,55,scheduled reboot/rotation
OT-2,2026-09-04 05:01:15,2026-09-04 05:01:30,16,16,0,no broadcast
OT-2,2026-09-04 05:01:33,2026-09-04 05:01:34,2,2,0,blip < 10 s
OT-2,2026-09-04 11:21:27,2026-09-04 11:21:27,1,0,1,blip < 10 s
OT-2,2026-09-04 11:21:35,2026-09-04 11:21:51,17,0,17,broadcast live but no frames
OT-2,2026-09-04 11:21:54,2026-09-04 11:21:55,2,0,2,blip < 10 s
OT-2,2026-09-04 11:23:51,2026-09-04 11:23:53,3,0,3,blip < 10 s
OT-2,2026-09-04 11:30:48,2026-09-04 13:01:10,5423,14,5409,broadcast live but no frames
OT-2,2026-09-04 21:00:00,2026-09-04 21:01:08,69,14,55,scheduled reboot/rotation
OT-2,2026-09-05 05:00:00,2026-09-05 05:01:11,72,16,56,scheduled reboot/rotation
OT-2,2026-09-05 13:00:02,2026-09-05 13:01:07,66,14,52,scheduled reboot/rotation
OT-2,2026-09-05 13:12:38,2026-09-05 13:14:30,113,0,113,broadcast live but no frames
OT-2,2026-09-05 21:00:00,2026-09-05 21:01:09,70,15,55,scheduled reboot/rotation
OT-2,2026-09-06 05:00:02,2026-09-06 05:01:10,69,14,55,scheduled reboot/rotation
OT-2,2026-09-06 05:30:53,2026-09-06 05:30:53,1,0,1,blip < 10 s
OT-2,2026-09-06 06:42:57,2026-09-06 06:42:57,1,0,1,blip < 10 s
OT-2,2026-09-06 13:00:00,2026-09-06 13:01:07,68,13,55,scheduled reboot/rotation
OT-2,2026-09-06 21:00:00,2026-09-06 21:01:08,69,14,55,scheduled reboot/rotation
OT-2,2026-09-07 05:00:00,2026-09-07 05:01:10,71,14,57,scheduled reboot/rotation
OT-2,2026-09-07 13:00:02,2026-09-07 13:01:13,72,15,57,scheduled reboot/rotation
OT-2,2026-09-07 21:00:00,2026-09-07 21:01:08,69,14,55,scheduled reboot/rotation
OT-2,2026-09-07 23:46:34,2026-09-07 23:46:39,6,0,6,blip < 10 s
OT-2,2026-09-08 05:00:00,2026-09-08 05:01:09,70,13,57,scheduled reboot/rotation
OT-2,2026-09-08 09:31:52,2026-09-08 09:31:52,1,0,1,blip < 10 s
OT-2,2026-09-08 13:00:00,2026-09-08 13:01:10,71,15,56,scheduled reboot/rotation
OT-2,2026-09-08 13:07:25,2026-09-08 13:07:56,32,0,32,broadcast live but no frames
OT-2,2026-09-08 13:53:22,2026-09-08 13:54:05,44,0,44,broadcast live but no frames
OT-2,2026-09-08 13:54:36,2026-09-08 13:54:36,1,0,1,blip < 10 s
OT-2,2026-09-08 13:56:16,2026-09-08 13:56:16,1,0,1,blip < 10 s
OT-2,2026-09-08 21:00:00,2026-09-08 21:01:09,70,15,55,scheduled reboot/rotation
OT-2,2026-09-09 05:00:00,2026-09-09 05:01:11,72,14,58,scheduled reboot/rotation
OT-2,2026-09-09 06:28:21,2026-09-09 06:29:30,70,0,70,broadcast live but no frames
OT-2,2026-09-09 13:00:02,2026-09-09 13:01:11,70,15,55,scheduled reboot/rotation
OT-2,2026-09-09 13:02:44,2026-09-09 13:02:44,1,0,1,blip < 10 s
OT-2,2026-09-09 13:02:46,2026-09-09 13:02:48,3,0,3,blip < 10 s
OT-2,2026-09-09 13:02:52,2026-09-09 13:02:54,3,0,3,blip < 10 s
OT-2,2026-09-09 13:03:06,2026-09-09 13:03:14,9,0,9,blip < 10 s
OT-2,2026-09-09 21:00:00,2026-09-09 21:01:09,70,14,56,scheduled reboot/rotation
OT-2,2026-09-10 05:00:00,2026-09-10 05:01:09,70,13,57,scheduled reboot/rotation
OT-2,2026-09-10 08:03:06,2026-09-10 08:03:07,2,0,2,blip < 10 s
OT-2,2026-09-10 08:07:28,2026-09-10 08:07:42,15,0,15,broadcast live but no frames
OT-2,2026-09-10 08:07:44,2026-09-10 08:07:45,2,0,2,blip < 10 s
OT-2,2026-09-10 11:30:50,2026-09-10 13:09:26,5917,14,5903,broadcast live but no frames
OT-2,2026-09-10 13:10:08,2026-09-10 13:11:13,66,14,52,broadcast live but no frames
OT-2,2026-09-10 14:46:13,2026-09-10 14:46:13,1,0,1,blip < 10 s
OT-2,2026-09-10 21:00:00,2026-09-10 21:01:09,70,14,56,scheduled reboot/rotation
OT-2,2026-09-11 05:00:00,2026-09-11 05:01:09,70,14,56,scheduled reboot/rotation
OT-2,2026-09-11 08:30:50,2026-09-11 13:01:09,16220,14,16206,broadcast live but no frames
OT-2,2026-09-11 15:09:48,2026-09-11 15:09:48,1,0,1,blip < 10 s
OT-2,2026-09-11 21:00:00,2026-09-11 21:01:06,67,13,54,scheduled reboot/rotation
OT-2,2026-09-11 21:09:41,2026-09-11 21:09:46,6,0,6,blip < 10 s
OT-2,2026-09-11 22:56:54,2026-09-11 22:56:58,5,0,5,blip < 10 s
OT-2,2026-09-11 23:32:52,2026-09-11 23:32:57,6,0,6,blip < 10 s
OT-2,2026-09-12 05:00:02,2026-09-12 05:01:09,68,14,54,scheduled reboot/rotation
OT-2,2026-09-12 09:25:57,2026-09-12 09:26:03,7,0,7,blip < 10 s
OT-2,2026-09-12 13:00:02,2026-09-12 13:01:09,68,13,55,scheduled reboot/rotation
OT-2,2026-09-12 21:00:00,2026-09-12 21:01:08,69,14,55,scheduled reboot/rotation
OT-2,2026-09-13 05:00:02,2026-09-13 05:01:09,68,14,54,scheduled reboot/rotation
OT-2,2026-09-13 11:30:50,2026-09-13 13:01:10,5421,14,5407,broadcast live but no frames
OT-2,2026-09-13 21:00:00,2026-09-13 21:01:07,68,13,55,scheduled reboot/rotation
OT-2,2026-09-14 05:00:02,2026-09-14 05:01:09,68,14,54,scheduled reboot/rotation
OT-2,2026-09-14 13:00:02,2026-09-14 13:01:09,68,14,54,scheduled reboot/rotation
OT-2,2026-09-14 21:00:02,2026-09-14 21:01:08,67,14,53,scheduled reboot/rotation
OT-2,2026-09-15 02:43:06,2026-09-15 02:43:09,4,0,4,blip < 10 s
OT-2,2026-09-15 05:00:00,2026-09-15 05:01:07,68,14,54,scheduled reboot/rotation
OT-2,2026-09-15 10:25:49,2026-09-15 10:25:59,11,0,11,broadcast live but no frames
OT-2,2026-09-15 10:26:02,2026-09-15 10:26:04,3,0,3,blip < 10 s
OT-2,2026-09-15 10:30:46,2026-09-15 10:30:46,1,0,1,blip < 10 s
OT-2,2026-09-15 10:31:08,2026-09-15 10:31:08,1,0,1,blip < 10 s
OT-2,2026-09-15 13:00:00,2026-09-15 13:01:08,69,14,55,scheduled reboot/rotation
OT-2,2026-09-15 21:00:02,2026-09-15 21:01:08,67,13,54,scheduled reboot/rotation
OT-2,2026-09-16 05:00:00,2026-09-16 05:01:09,70,15,55,scheduled reboot/rotation
OT-2,2026-09-16 12:30:48,2026-09-16 13:01:10,1823,15,1808,broadcast live but no frames
OT-2,2026-09-16 21:00:00,2026-09-16 21:01:09,70,14,56,scheduled reboot/rotation
OT-2,2026-09-17 05:00:00,2026-09-17 05:01:09,70,15,55,scheduled reboot/rotation
OT-2,2026-09-17 12:08:25,2026-09-17 12:08:31,7,0,7,blip < 10 s
OT-2,2026-09-17 13:00:01,2026-09-17 13:01:10,70,14,56,scheduled reboot/rotation
OT-2,2026-09-17 15:46:03,2026-09-17 15:46:09,7,0,7,blip < 10 s
OT-2,2026-09-17 21:00:00,2026-09-17 21:01:09,70,15,55,scheduled reboot/rotation
OT-2,2026-09-18 05:00:01,2026-09-18 05:01:10,70,16,54,scheduled reboot/rotation
OT-2,2026-09-18 10:25:05,2026-09-18 10:25:54,50,0,50,broadcast live but no frames
OT-2,2026-09-18 10:34:51,2026-09-18 10:36:01,71,0,71,broadcast live but no frames
OT-2,2026-09-18 10:40:44,2026-09-18 10:42:08,85,0,85,broadcast live but no frames
OT-2,2026-09-18 10:54:50,2026-09-18 10:56:27,98,0,98,broadcast live but no frames
OT-2,2026-09-18 11:36:04,2026-09-18 11:37:14,71,0,71,broadcast live but no frames
OT-2,2026-09-18 13:00:00,2026-09-18 13:01:09,70,14,56,scheduled reboot/rotation
OT-2,2026-09-18 13:52:34,2026-09-18 13:56:29,236,0,236,broadcast live but no frames
OT-2,2026-09-18 14:38:32,2026-09-18 14:38:34,3,0,3,blip < 10 s
OT-2,2026-09-18 14:46:58,2026-09-18 14:50:14,197,16,181,broadcast live but no frames
OT-2,2026-09-18 14:57:26,2026-09-18 14:57:31,6,0,6,blip < 10 s
OT-2,2026-09-18 14:57:34,2026-09-18 14:57:34,1,0,1,blip < 10 s
OT-2,2026-09-18 14:57:37,2026-09-18 14:57:43,7,0,7,blip < 10 s
OT-2,2026-09-18 14:57:45,2026-09-18 14:58:21,37,0,37,broadcast live but no frames
OT-2,2026-09-18 15:00:22,2026-09-18 15:00:42,21,0,21,broadcast live but no frames
OT-2,2026-09-18 15:00:45,2026-09-18 15:00:47,3,0,3,blip < 10 s
OT-2,2026-09-18 15:02:11,2026-09-18 15:02:11,1,0,1,blip < 10 s
OT-2,2026-09-18 15:30:50,2026-09-18 21:01:11,19822,16,19806,broadcast live but no frames
OT-2,2026-09-19 05:00:02,2026-09-19 05:01:13,72,17,55,scheduled reboot/rotation
OT-2,2026-09-19 13:00:01,2026-09-19 13:01:08,68,13,55,scheduled reboot/rotation
OT-2,2026-09-19 18:35:59,2026-09-19 18:36:06,8,0,8,blip < 10 s
OT-2,2026-09-19 21:00:01,2026-09-19 21:01:07,67,13,54,scheduled reboot/rotation
OT-2,2026-09-19 23:00:24,2026-09-20 05:01:11,21648,16,21632,broadcast live but no frames
OT-2,2026-09-20 13:00:02,2026-09-20 13:01:08,67,13,54,scheduled reboot/rotation
OT-2,2026-09-20 21:00:01,2026-09-20 21:01:09,69,14,55,scheduled reboot/rotation
OT-2,2026-09-21 05:00:00,2026-09-21 05:01:08,69,14,55,scheduled reboot/rotation
OT-2,2026-09-21 06:27:20,2026-09-21 06:27:21,2,0,2,blip < 10 s
OT-2,2026-09-21 13:00:00,2026-09-21 13:01:08,69,14,55,scheduled reboot/rotation
OT-2,2026-09-21 21:00:00,2026-09-21 21:01:08,69,13,56,scheduled reboot/rotation
OT-2,2026-09-22 05:00:02,2026-09-22 05:01:09,68,15,53,scheduled reboot/rotation
OT-2,2026-09-22 13:00:01,2026-09-22 13:01:09,69,15,54,scheduled reboot/rotation
OT-2,2026-09-22 21:00:02,2026-09-22 21:01:12,71,17,54,scheduled reboot/rotation
OT-2,2026-09-23 05:00:01,2026-09-23 05:01:11,71,16,55,scheduled reboot/rotation
OT-2,2026-09-23 12:18:53,2026-09-23 12:18:59,7,0,7,blip < 10 s
OT-2,2026-09-23 12:35:02,2026-09-23 13:15:36,2435,14,2421,broadcast live but no frames
OT-2,2026-09-23 13:16:19,2026-09-23 13:17:26,68,15,53,broadcast live but no frames
OT-2,2026-09-23 21:00:02,2026-09-23 21:01:11,70,15,55,scheduled reboot/rotation
OT-2,2026-09-23 22:29:41,2026-09-23 22:29:41,1,0,1,blip < 10 s
OT-2,2026-09-23 22:29:45,2026-09-23 22:29:45,1,0,1,blip < 10 s
OT-2,2026-09-23 22:29:48,2026-09-23 22:29:49,2,0,2,blip < 10 s
OT-2,2026-09-23 22:29:52,2026-09-23 22:29:52,1,0,1,blip < 10 s
OT-2,2026-09-23 22:29:55,2026-09-23 22:29:55,1,0,1,blip < 10 s
OT-2,2026-09-23 22:29:57,2026-09-23 22:29:57,1,0,1,blip < 10 s
OT-2,2026-09-23 22:30:06,2026-09-23 22:30:06,1,0,1,blip < 10 s
OT-2,2026-09-23 22:30:55,2026-09-23 22:30:55,1,0,1,blip < 10 s
OT-2,2026-09-23 22:30:58,2026-09-23 22:30:58,1,0,1,blip < 10 s
OT-2,2026-09-23 22:31:01,2026-09-23 22:31:01,1,0,1,blip < 10 s
OT-2,2026-09-23 22:31:03,2026-09-23 22:31:04,2,0,2,blip < 10 s
OT-2,2026-09-23 22:31:08,2026-09-23 22:31:09,2,0,2,blip < 10 s
OT-2,2026-09-23 22:31:11,2026-09-23 22:31:11,1,0,1,blip < 10 s
OT-2,2026-09-23 22:31:13,2026-09-23 22:31:14,2,0,2,blip < 10 s
OT-2,2026-09-23 22:31:20,2026-09-23 22:31:20,1,0,1,blip < 10 s
OT-2,2026-09-23 22:31:22,2026-09-23 22:31:23,2,0,2,blip < 10 s
OT-2,2026-09-23 22:31:25,2026-09-23 22:31:25,1,0,1,blip < 10 s
OT-2,2026-09-23 22:31:27,2026-09-23 22:31:27,1,0,1,blip < 10 s
OT-2,2026-09-23 22:31:35,2026-09-23 22:31:35,1,0,1,blip < 10 s
OT-2,2026-09-23 22:31:37,2026-09-23 22:31:37,1,0,1,blip < 10 s
OT-2,2026-09-23 22:31:39,2026-09-23 22:31:39,1,0,1,blip < 10 s
OT-2,2026-09-23 22:31:41,2026-09-23 22:31:41,1,0,1,blip < 10 s
OT-2,2026-09-23 22:31:53,2026-09-23 22:31:53,1,0,1,blip < 10 s
OT-2,2026-09-24 05:00:00,2026-09-24 05:01:10,71,16,55,scheduled reboot/rotation
OT-2,2026-09-24 11:58:20,2026-09-24 13:01:23,3784,14,3770,broadcast live but no frames
OT-2,2026-09-24 13:22:38,2026-09-24 21:01:19,27522,27492,30,no broadcast
OT-2,2026-09-25 00:19:07,2026-09-25 00:19:07,1,0,1,blip < 10 s
OT-2,2026-09-25 05:00:01,2026-09-25 05:01:11,71,17,54,scheduled reboot/rotation
OT-2,2026-09-25 11:22:49,2026-09-25 11:25:50,182,0,182,broadcast live but no frames
OT-2,2026-09-25 11:45:03,2026-09-25 11:45:03,1,0,1,blip < 10 s
OT-2,2026-09-25 11:46:04,2026-09-25 11:46:31,28,0,28,broadcast live but no frames
OT-2,2026-09-25 13:00:01,2026-09-25 13:01:08,68,13,55,scheduled reboot/rotation
OT-2,2026-09-25 13:10:10,2026-09-25 14:58:04,6475,17,6458,broadcast live but no frames
OT-2,2026-09-25 15:11:48,2026-09-25 15:11:50,3,0,3,blip < 10 s
OT-2,2026-09-25 15:11:52,2026-09-25 15:11:54,3,0,3,blip < 10 s
OT-2,2026-09-25 15:17:31,2026-09-25 15:20:33,183,0,183,broadcast live but no frames
powder doser,2026-07-30 21:00:02,2026-07-30 21:01:06,65,16,49,scheduled reboot/rotation
powder doser,2026-07-30 23:43:16,2026-07-30 23:43:23,8,0,8,blip < 10 s
powder doser,2026-07-30 23:49:11,2026-07-30 23:49:15,5,0,5,blip < 10 s
powder doser,2026-07-31 05:00:00,2026-07-31 05:01:04,65,14,51,scheduled reboot/rotation
powder doser,2026-07-31 08:30:44,2026-07-31 13:01:04,16221,14,16207,broadcast live but no frames
powder doser,2026-07-31 21:00:00,2026-07-31 21:01:06,67,15,52,scheduled reboot/rotation
powder doser,2026-08-01 05:00:00,2026-08-01 05:01:04,65,14,51,scheduled reboot/rotation
powder doser,2026-08-01 13:00:00,2026-08-01 13:01:04,65,14,51,scheduled reboot/rotation
powder doser,2026-08-01 21:00:00,2026-08-01 21:00:52,53,2,51,scheduled reboot/rotation
powder doser,2026-08-01 21:00:55,2026-08-01 21:01:06,12,12,0,scheduled reboot/rotation
powder doser,2026-08-01 21:01:09,2026-08-01 21:01:10,2,2,0,blip < 10 s
powder doser,2026-08-02 05:00:00,2026-08-02 05:01:03,64,13,51,scheduled reboot/rotation
powder doser,2026-08-02 06:04:09,2026-08-02 06:04:09,1,0,1,blip < 10 s
powder doser,2026-08-02 13:00:00,2026-08-02 13:01:07,68,16,52,scheduled reboot/rotation
powder doser,2026-08-02 21:00:00,2026-08-02 21:01:02,63,13,50,scheduled reboot/rotation
powder doser,2026-08-03 05:00:00,2026-08-03 05:01:04,65,15,50,scheduled reboot/rotation
powder doser,2026-08-03 13:00:00,2026-08-03 13:01:05,66,16,50,scheduled reboot/rotation
powder doser,2026-08-03 21:00:00,2026-08-03 21:01:04,65,14,51,scheduled reboot/rotation
powder doser,2026-08-04 05:00:00,2026-08-04 05:01:04,65,14,51,scheduled reboot/rotation
powder doser,2026-08-04 05:05:48,2026-08-04 05:05:49,2,0,2,blip < 10 s
powder doser,2026-08-04 05:05:56,2026-08-04 05:05:56,1,0,1,blip < 10 s
powder doser,2026-08-04 10:17:14,2026-08-04 10:17:14,1,0,1,blip < 10 s
powder doser,2026-08-04 10:17:18,2026-08-04 10:17:18,1,0,1,blip < 10 s
powder doser,2026-08-04 10:17:21,2026-08-04 10:17:21,1,0,1,blip < 10 s
powder doser,2026-08-04 10:17:24,2026-08-04 10:17:24,1,0,1,blip < 10 s
powder doser,2026-08-04 10:17:26,2026-08-04 10:17:28,3,0,3,blip < 10 s
powder doser,2026-08-04 10:17:30,2026-08-04 10:17:30,1,0,1,blip < 10 s
powder doser,2026-08-04 10:17:32,2026-08-04 10:17:34,3,0,3,blip < 10 s
powder doser,2026-08-04 10:17:37,2026-08-04 10:17:42,6,0,6,blip < 10 s
powder doser,2026-08-04 10:17:44,2026-08-04 10:17:47,4,0,4,blip < 10 s
powder doser,2026-08-04 10:17:49,2026-08-04 10:17:50,2,0,2,blip < 10 s
powder doser,2026-08-04 10:17:52,2026-08-04 10:17:53,2,0,2,blip < 10 s
powder doser,2026-08-04 13:00:00,2026-08-04 13:01:06,67,15,52,scheduled reboot/rotation
powder doser,2026-08-04 21:00:00,2026-08-04 21:01:04,65,13,52,scheduled reboot/rotation
powder doser,2026-08-04 21:01:15,2026-08-04 21:01:15,1,0,1,blip < 10 s
powder doser,2026-08-05 05:00:02,2026-08-05 05:01:05,64,15,49,scheduled reboot/rotation
powder doser,2026-08-05 13:00:02,2026-08-05 13:01:04,63,13,50,scheduled reboot/rotation
powder doser,2026-08-05 21:00:00,2026-08-05 21:01:03,64,14,50,scheduled reboot/rotation
powder doser,2026-08-06 04:41:34,2026-08-06 04:41:40,7,0,7,blip < 10 s
powder doser,2026-08-06 05:00:02,2026-08-06 05:01:04,63,14,49,scheduled reboot/rotation
powder doser,2026-08-06 10:39:54,2026-08-06 10:40:30,37,0,37,broadcast live but no frames
powder doser,2026-08-06 13:00:00,2026-08-06 13:01:04,65,14,51,scheduled reboot/rotation
powder doser,2026-08-06 18:28:21,2026-08-06 18:28:28,8,0,8,blip < 10 s
powder doser,2026-08-06 19:23:47,2026-08-06 19:24:11,25,0,25,broadcast live but no frames
powder doser,2026-08-06 21:00:02,2026-08-06 21:01:06,65,16,49,scheduled reboot/rotation
powder doser,2026-08-06 22:37:32,2026-08-06 22:38:31,60,0,60,broadcast live but no frames
powder doser,2026-08-06 22:38:36,2026-08-06 22:39:45,70,0,70,broadcast live but no frames
powder doser,2026-08-07 02:38:35,2026-08-07 02:38:42,8,0,8,blip < 10 s
powder doser,2026-08-07 02:43:04,2026-08-07 02:43:09,6,0,6,blip < 10 s
powder doser,2026-08-07 03:02:11,2026-08-07 03:02:17,7,0,7,blip < 10 s
powder doser,2026-08-07 05:00:00,2026-08-07 05:01:04,65,13,52,scheduled reboot/rotation
powder doser,2026-08-07 13:00:02,2026-08-07 13:01:08,67,17,50,scheduled reboot/rotation
powder doser,2026-08-07 21:00:00,2026-08-07 21:01:05,66,16,50,scheduled reboot/rotation
powder doser,2026-08-08 05:00:00,2026-08-08 05:01:04,65,14,51,scheduled reboot/rotation
powder doser,2026-08-08 13:00:00,2026-08-08 13:01:04,65,15,50,scheduled reboot/rotation
powder doser,2026-08-08 21:00:00,2026-08-08 21:01:04,65,15,50,scheduled reboot/rotation
powder doser,2026-08-09 05:00:02,2026-08-09 05:01:05,64,14,50,scheduled reboot/rotation
powder doser,2026-08-09 13:00:00,2026-08-09 13:01:06,67,15,52,scheduled reboot/rotation
powder doser,2026-08-09 21:00:02,2026-08-09 21:01:03,62,14,48,scheduled reboot/rotation
powder doser,2026-08-10 05:00:00,2026-08-10 05:01:05,66,15,51,scheduled reboot/rotation
powder doser,2026-08-10 06:30:15,2026-08-10 06:30:17,3,0,3,blip < 10 s
powder doser,2026-08-10 10:30:44,2026-08-10 13:01:05,9022,15,9007,broadcast live but no frames
powder doser,2026-08-10 21:00:00,2026-08-10 21:01:05,66,14,52,scheduled reboot/rotation
powder doser,2026-08-11 05:00:02,2026-08-11 05:01:07,66,17,49,scheduled reboot/rotation
powder doser,2026-08-11 12:04:36,2026-08-11 14:21:04,8189,72,8117,broadcast live but no frames
powder doser,2026-08-11 21:00:00,2026-08-11 21:01:05,66,16,50,scheduled reboot/rotation
powder doser,2026-08-12 05:00:02,2026-08-12 05:01:05,64,15,49,scheduled reboot/rotation
powder doser,2026-08-12 13:00:02,2026-08-12 13:01:06,65,16,49,scheduled reboot/rotation
powder doser,2026-08-12 15:44:36,2026-08-12 15:44:36,1,0,1,blip < 10 s
powder doser,2026-08-12 21:00:00,2026-08-12 21:01:05,66,16,50,scheduled reboot/rotation
powder doser,2026-08-13 04:30:06,2026-08-13 05:01:05,1860,14,1846,broadcast live but no frames
powder doser,2026-08-13 11:42:12,2026-08-13 11:42:12,1,0,1,blip < 10 s
powder doser,2026-08-13 13:00:02,2026-08-13 13:01:07,66,16,50,scheduled reboot/rotation
powder doser,2026-08-13 16:00:43,2026-08-13 16:00:43,1,0,1,blip < 10 s
powder doser,2026-08-13 16:00:47,2026-08-13 16:00:47,1,0,1,blip < 10 s
powder doser,2026-08-13 19:54:28,2026-08-13 19:54:34,7,0,7,blip < 10 s
powder doser,2026-08-13 21:00:00,2026-08-13 21:01:07,68,17,51,scheduled reboot/rotation
powder doser,2026-08-14 05:00:00,2026-08-14 05:01:08,69,17,52,scheduled reboot/rotation
powder doser,2026-08-14 13:00:02,2026-08-14 13:01:04,63,15,48,scheduled reboot/rotation
powder doser,2026-08-14 13:28:46,2026-08-14 13:39:50,665,13,652,broadcast live but no frames
powder doser,2026-08-14 16:29:24,2026-08-14 16:29:24,1,0,1,blip < 10 s
powder doser,2026-08-14 21:00:00,2026-08-14 21:01:04,65,15,50,scheduled reboot/rotation
powder doser,2026-08-15 01:29:12,2026-08-15 01:29:18,7,0,7,blip < 10 s
powder doser,2026-08-15 05:00:02,2026-08-15 05:01:04,63,14,49,scheduled reboot/rotation
powder doser,2026-08-15 12:30:44,2026-08-15 13:01:06,1823,15,1808,broadcast live but no frames
powder doser,2026-08-15 21:00:00,2026-08-15 21:01:04,65,15,50,scheduled reboot/rotation
powder doser,2026-08-16 04:11:32,2026-08-16 04:11:38,7,0,7,blip < 10 s
powder doser,2026-08-16 05:00:00,2026-08-16 05:01:03,64,14,50,scheduled reboot/rotation
powder doser,2026-08-16 12:30:44,2026-08-16 13:01:05,1822,14,1808,broadcast live but no frames
powder doser,2026-08-16 21:00:00,2026-08-16 21:01:04,65,14,51,scheduled reboot/rotation
powder doser,2026-08-17 05:00:02,2026-08-17 05:01:05,64,14,50,scheduled reboot/rotation
powder doser,2026-08-17 10:55:21,2026-08-17 10:55:22,2,0,2,blip < 10 s
powder doser,2026-08-17 10:55:24,2026-08-17 10:55:25,2,0,2,blip < 10 s
powder doser,2026-08-17 10:55:28,2026-08-17 10:55:36,9,0,9,blip < 10 s
powder doser,2026-08-17 10:55:39,2026-08-17 10:55:39,1,0,1,blip < 10 s
powder doser,2026-08-17 11:15:37,2026-08-17 11:15:39,3,0,3,blip < 10 s
powder doser,2026-08-17 12:59:39,2026-08-17 12:59:39,1,0,1,blip < 10 s
powder doser,2026-08-17 12:59:43,2026-08-17 12:59:43,1,0,1,blip < 10 s
powder doser,2026-08-17 13:00:02,2026-08-17 13:01:05,64,14,50,scheduled reboot/rotation
powder doser,2026-08-17 21:00:02,2026-08-17 21:01:04,63,14,49,scheduled reboot/rotation
powder doser,2026-08-18 05:00:00,2026-08-18 05:01:05,66,14,52,scheduled reboot/rotation
powder doser,2026-08-18 06:08:07,2026-08-18 06:08:13,7,0,7,blip < 10 s
powder doser,2026-08-18 06:22:17,2026-08-18 06:22:22,6,0,6,blip < 10 s
powder doser,2026-08-18 13:00:00,2026-08-18 13:00:51,52,1,51,scheduled reboot/rotation
powder doser,2026-08-18 13:00:55,2026-08-18 13:01:06,12,12,0,scheduled reboot/rotation
powder doser,2026-08-18 13:01:09,2026-08-18 13:01:09,1,1,0,blip < 10 s
powder doser,2026-08-18 21:00:00,2026-08-18 21:01:05,66,15,51,scheduled reboot/rotation
powder doser,2026-08-19 05:00:00,2026-08-19 05:01:05,66,14,52,scheduled reboot/rotation
powder doser,2026-08-19 08:50:32,2026-08-19 09:17:11,1600,15,1585,broadcast live but no frames
powder doser,2026-08-19 09:48:12,2026-08-19 09:48:12,1,0,1,blip < 10 s
powder doser,2026-08-19 09:48:15,2026-08-19 09:48:16,2,0,2,blip < 10 s
powder doser,2026-08-19 12:52:10,2026-08-19 12:52:10,1,0,1,blip < 10 s
powder doser,2026-08-19 13:00:02,2026-08-19 13:01:07,66,15,51,scheduled reboot/rotation
powder doser,2026-08-19 21:00:00,2026-08-19 21:01:03,64,14,50,scheduled reboot/rotation
powder doser,2026-08-20 05:00:00,2026-08-20 05:01:04,65,14,51,scheduled reboot/rotation
powder doser,2026-08-20 13:00:00,2026-08-20 13:01:04,65,15,50,scheduled reboot/rotation
powder doser,2026-08-20 21:00:02,2026-08-20 21:01:04,63,14,49,scheduled reboot/rotation
powder doser,2026-08-21 05:00:00,2026-08-21 05:01:04,65,14,51,scheduled reboot/rotation
powder doser,2026-08-21 13:00:00,2026-08-21 13:01:07,68,17,51,scheduled reboot/rotation
powder doser,2026-08-21 21:00:00,2026-08-21 21:01:06,67,17,50,scheduled reboot/rotation
powder doser,2026-08-21 23:04:38,2026-08-21 23:04:38,1,0,1,blip < 10 s
powder doser,2026-08-22 05:00:02,2026-08-22 05:01:07,66,16,50,scheduled reboot/rotation
powder doser,2026-08-22 13:00:02,2026-08-22 13:01:07,66,17,49,scheduled reboot/rotation
powder doser,2026-08-22 21:00:00,2026-08-22 21:01:04,65,15,50,scheduled reboot/rotation
powder doser,2026-08-23 05:00:00,2026-08-23 05:01:16,77,27,50,scheduled reboot/rotation
powder doser,2026-08-23 13:00:00,2026-08-23 13:01:04,65,13,52,scheduled reboot/rotation
powder doser,2026-08-23 21:00:00,2026-08-23 21:01:06,67,15,52,scheduled reboot/rotation
powder doser,2026-08-24 05:00:02,2026-08-24 05:01:03,62,14,48,scheduled reboot/rotation
powder doser,2026-08-24 13:00:02,2026-08-24 13:01:05,64,15,49,scheduled reboot/rotation
powder doser,2026-08-24 21:00:00,2026-08-24 21:01:07,68,16,52,scheduled reboot/rotation
powder doser,2026-08-25 05:00:02,2026-08-25 05:01:08,67,18,49,scheduled reboot/rotation
powder doser,2026-08-25 13:00:00,2026-08-25 13:01:08,69,18,51,scheduled reboot/rotation
powder doser,2026-08-25 21:00:02,2026-08-25 21:01:09,68,20,48,scheduled reboot/rotation
powder doser,2026-08-26 05:00:02,2026-08-26 05:01:07,66,17,49,scheduled reboot/rotation
powder doser,2026-08-26 09:28:18,2026-08-26 09:28:18,1,0,1,blip < 10 s
powder doser,2026-08-26 13:00:00,2026-08-26 13:01:05,66,16,50,scheduled reboot/rotation
powder doser,2026-08-26 17:07:08,2026-08-26 17:07:15,8,0,8,blip < 10 s
powder doser,2026-08-26 17:25:53,2026-08-26 17:25:59,7,0,7,blip < 10 s
powder doser,2026-08-26 21:00:02,2026-08-26 21:01:04,63,14,49,scheduled reboot/rotation
powder doser,2026-08-27 00:12:03,2026-08-27 00:12:09,7,0,7,blip < 10 s
powder doser,2026-08-27 02:46:00,2026-08-27 02:46:05,6,0,6,blip < 10 s
powder doser,2026-08-27 04:14:39,2026-08-27 04:14:43,5,0,5,blip < 10 s
powder doser,2026-08-27 05:00:02,2026-08-27 05:01:06,65,15,50,scheduled reboot/rotation
powder doser,2026-08-27 06:13:54,2026-08-27 07:33:11,4758,14,4744,broadcast live but no frames
powder doser,2026-08-27 13:00:00,2026-08-27 13:01:03,64,14,50,scheduled reboot/rotation
powder doser,2026-08-27 21:00:00,2026-08-27 21:01:07,68,17,51,scheduled reboot/rotation
powder doser,2026-08-28 05:00:02,2026-08-28 05:01:05,64,15,49,scheduled reboot/rotation
powder doser,2026-08-28 13:00:00,2026-08-28 13:01:02,63,13,50,scheduled reboot/rotation
powder doser,2026-08-28 21:00:00,2026-08-28 21:01:03,64,13,51,scheduled reboot/rotation
powder doser,2026-08-29 05:00:02,2026-08-29 05:01:05,64,16,48,scheduled reboot/rotation
powder doser,2026-08-29 13:00:02,2026-08-29 13:01:08,67,17,50,scheduled reboot/rotation
powder doser,2026-08-29 21:00:00,2026-08-29 21:01:05,66,15,51,scheduled reboot/rotation
powder doser,2026-08-30 05:00:02,2026-08-30 05:01:06,65,16,49,scheduled reboot/rotation
powder doser,2026-08-30 09:25:17,2026-08-30 09:25:23,7,0,7,blip < 10 s
powder doser,2026-08-30 13:00:00,2026-08-30 13:01:03,64,13,51,scheduled reboot/rotation
powder doser,2026-08-30 21:00:02,2026-08-30 21:01:05,64,15,49,scheduled reboot/rotation
powder doser,2026-08-31 05:00:00,2026-08-31 05:01:03,64,14,50,scheduled reboot/rotation
powder doser,2026-08-31 13:00:00,2026-08-31 13:01:05,66,15,51,scheduled reboot/rotation
powder doser,2026-08-31 21:00:00,2026-08-31 21:01:07,68,18,50,scheduled reboot/rotation
powder doser,2026-09-01 05:00:00,2026-09-01 05:01:03,64,14,50,scheduled reboot/rotation
powder doser,2026-09-01 13:00:02,2026-09-01 13:01:07,66,17,49,scheduled reboot/rotation
powder doser,2026-09-01 21:00:02,2026-09-01 21:01:07,66,17,49,scheduled reboot/rotation
powder doser,2026-09-02 05:00:00,2026-09-02 05:01:04,65,15,50,scheduled reboot/rotation
powder doser,2026-09-02 09:37:38,2026-09-02 09:37:39,2,0,2,blip < 10 s
powder doser,2026-09-02 09:37:49,2026-09-02 09:37:58,10,0,10,broadcast live but no frames
powder doser,2026-09-02 09:38:00,2026-09-02 09:38:00,1,0,1,blip < 10 s
powder doser,2026-09-02 09:51:36,2026-09-02 09:51:36,1,0,1,blip < 10 s
powder doser,2026-09-02 10:02:18,2026-09-02 10:02:18,1,0,1,blip < 10 s
powder doser,2026-09-02 10:04:46,2026-09-02 10:04:46,1,0,1,blip < 10 s
powder doser,2026-09-02 10:04:54,2026-09-02 10:05:42,49,0,49,broadcast live but no frames
powder doser,2026-09-02 10:31:36,2026-09-02 10:31:37,2,0,2,blip < 10 s
powder doser,2026-09-02 10:31:50,2026-09-02 10:32:05,16,0,16,broadcast live but no frames
powder doser,2026-09-02 10:32:08,2026-09-02 10:32:09,2,0,2,blip < 10 s
powder doser,2026-09-02 13:00:00,2026-09-02 13:01:04,65,14,51,scheduled reboot/rotation
powder doser,2026-09-02 21:00:00,2026-09-02 21:01:05,66,15,51,scheduled reboot/rotation
powder doser,2026-09-03 05:00:00,2026-09-03 05:01:03,64,14,50,scheduled reboot/rotation
powder doser,2026-09-03 11:51:02,2026-09-03 13:37:14,6373,14,6359,broadcast live but no frames
powder doser,2026-09-03 13:37:28,2026-09-03 13:38:29,62,14,48,broadcast live but no frames
powder doser,2026-09-03 13:39:36,2026-09-03 14:05:30,1555,13,1542,broadcast live but no frames
powder doser,2026-09-03 17:59:20,2026-09-03 17:59:26,7,0,7,blip < 10 s
powder doser,2026-09-03 18:01:01,2026-09-03 18:01:06,6,0,6,blip < 10 s
powder doser,2026-09-03 18:15:17,2026-09-03 18:15:22,6,0,6,blip < 10 s
powder doser,2026-09-03 21:00:00,2026-09-03 21:01:07,68,16,52,scheduled reboot/rotation
powder doser,2026-09-04 05:00:00,2026-09-04 05:01:03,64,14,50,scheduled reboot/rotation
powder doser,2026-09-04 12:36:01,2026-09-04 12:36:11,11,0,11,broadcast live but no frames
powder doser,2026-09-04 13:00:02,2026-09-04 13:01:04,63,13,50,scheduled reboot/rotation
powder doser,2026-09-04 21:00:00,2026-09-04 21:01:02,63,14,49,scheduled reboot/rotation
powder doser,2026-09-05 05:00:00,2026-09-05 05:01:03,64,14,50,scheduled reboot/rotation
powder doser,2026-09-05 13:00:02,2026-09-05 13:01:07,66,16,50,scheduled reboot/rotation
powder doser,2026-09-05 20:30:46,2026-09-05 21:01:06,1821,15,1806,broadcast live but no frames
powder doser,2026-09-06 01:44:34,2026-09-06 01:44:41,8,0,8,blip < 10 s
powder doser,2026-09-06 05:00:00,2026-09-06 05:01:04,65,13,52,scheduled reboot/rotation
powder doser,2026-09-06 13:00:00,2026-09-06 13:01:03,64,14,50,scheduled reboot/rotation
powder doser,2026-09-06 21:00:00,2026-09-06 21:01:06,67,15,52,scheduled reboot/rotation
powder doser,2026-09-07 05:00:00,2026-09-07 05:01:05,66,14,52,scheduled reboot/rotation
powder doser,2026-09-07 13:00:02,2026-09-07 13:01:06,65,15,50,scheduled reboot/rotation
powder doser,2026-09-07 21:00:00,2026-09-07 21:01:02,63,13,50,scheduled reboot/rotation
powder doser,2026-09-08 05:00:00,2026-09-08 05:01:02,63,13,50,scheduled reboot/rotation
powder doser,2026-09-08 11:03:09,2026-09-08 11:03:10,2,0,2,blip < 10 s
powder doser,2026-09-08 13:00:02,2026-09-08 13:01:06,65,15,50,scheduled reboot/rotation
powder doser,2026-09-08 13:53:14,2026-09-08 13:53:41,28,0,28,broadcast live but no frames
powder doser,2026-09-08 13:53:44,2026-09-08 13:53:49,6,0,6,blip < 10 s
powder doser,2026-09-08 13:53:52,2026-09-08 13:53:52,1,0,1,blip < 10 s
powder doser,2026-09-08 13:54:22,2026-09-08 13:54:31,10,0,10,broadcast live but no frames
powder doser,2026-09-08 13:56:14,2026-09-08 13:56:15,2,0,2,blip < 10 s
powder doser,2026-09-08 21:00:02,2026-09-08 21:01:03,62,14,48,scheduled reboot/rotation
powder doser,2026-09-09 05:00:02,2026-09-09 05:01:04,63,14,49,scheduled reboot/rotation
powder doser,2026-09-09 13:00:02,2026-09-09 13:01:04,63,14,49,scheduled reboot/rotation
powder doser,2026-09-09 21:00:00,2026-09-09 21:01:04,65,14,51,scheduled reboot/rotation
powder doser,2026-09-10 05:00:00,2026-09-10 05:01:07,68,16,52,scheduled reboot/rotation
powder doser,2026-09-10 09:19:23,2026-09-10 09:19:29,7,0,7,blip < 10 s
powder doser,2026-09-10 11:30:44,2026-09-10 13:01:04,5421,14,5407,broadcast live but no frames
powder doser,2026-09-10 17:43:02,2026-09-10 17:43:07,6,0,6,blip < 10 s
powder doser,2026-09-10 21:00:00,2026-09-10 21:01:05,66,14,52,scheduled reboot/rotation
powder doser,2026-09-11 05:00:00,2026-09-11 05:01:03,64,13,51,scheduled reboot/rotation
powder doser,2026-09-11 05:41:44,2026-09-11 05:41:49,6,0,6,blip < 10 s
powder doser,2026-09-11 08:59:52,2026-09-11 13:01:04,14473,14,14459,broadcast live but no frames
powder doser,2026-09-11 21:00:02,2026-09-11 21:01:03,62,13,49,scheduled reboot/rotation
powder doser,2026-09-11 22:58:38,2026-09-11 22:58:47,10,0,10,broadcast live but no frames
powder doser,2026-09-12 05:00:00,2026-09-12 05:01:03,64,14,50,scheduled reboot/rotation
powder doser,2026-09-12 13:00:00,2026-09-12 13:01:04,65,14,51,scheduled reboot/rotation
powder doser,2026-09-12 21:00:00,2026-09-12 21:01:04,65,14,51,scheduled reboot/rotation
powder doser,2026-09-13 05:00:00,2026-09-13 05:01:06,67,15,52,scheduled reboot/rotation
powder doser,2026-09-13 13:00:02,2026-09-13 13:01:04,63,14,49,scheduled reboot/rotation
powder doser,2026-09-13 21:00:00,2026-09-13 21:01:05,66,13,53,scheduled reboot/rotation
powder doser,2026-09-14 05:00:00,2026-09-14 05:01:03,64,13,51,scheduled reboot/rotation
powder doser,2026-09-14 13:00:00,2026-09-14 13:01:03,64,14,50,scheduled reboot/rotation
powder doser,2026-09-14 21:00:02,2026-09-14 21:01:04,63,13,50,scheduled reboot/rotation
powder doser,2026-09-15 00:30:44,2026-09-15 05:01:04,16221,14,16207,broadcast live but no frames
powder doser,2026-09-15 10:25:34,2026-09-15 10:25:34,1,0,1,blip < 10 s
powder doser,2026-09-15 10:25:47,2026-09-15 10:26:03,17,0,17,broadcast live but no frames
powder doser,2026-09-15 10:26:06,2026-09-15 10:26:07,2,0,2,blip < 10 s
powder doser,2026-09-15 10:31:08,2026-09-15 10:31:08,1,0,1,blip < 10 s
powder doser,2026-09-15 11:55:42,2026-09-15 12:11:16,935,14,921,broadcast live but no frames
powder doser,2026-09-15 13:00:01,2026-09-15 13:01:03,63,14,49,scheduled reboot/rotation
powder doser,2026-09-15 19:44:41,2026-09-15 19:44:41,1,0,1,blip < 10 s
powder doser,2026-09-15 21:00:00,2026-09-15 21:01:02,63,13,50,scheduled reboot/rotation
powder doser,2026-09-16 05:00:01,2026-09-16 05:01:03,63,14,49,scheduled reboot/rotation
powder doser,2026-09-16 12:30:44,2026-09-16 13:01:05,1822,14,1808,broadcast live but no frames
powder doser,2026-09-16 21:00:00,2026-09-16 21:01:03,64,13,51,scheduled reboot/rotation
powder doser,2026-09-17 03:44:56,2026-09-17 03:45:02,7,0,7,blip < 10 s
powder doser,2026-09-17 05:00:01,2026-09-17 05:01:03,63,13,50,scheduled reboot/rotation
powder doser,2026-09-17 11:59:04,2026-09-17 11:59:10,7,0,7,blip < 10 s
powder doser,2026-09-17 13:00:02,2026-09-17 13:01:04,63,13,50,scheduled reboot/rotation
powder doser,2026-09-17 21:00:02,2026-09-17 21:01:03,62,14,48,scheduled reboot/rotation
powder doser,2026-09-18 05:00:00,2026-09-18 05:01:08,69,18,51,scheduled reboot/rotation
powder doser,2026-09-18 13:00:02,2026-09-18 13:01:06,65,15,50,scheduled reboot/rotation
powder doser,2026-09-18 21:00:00,2026-09-18 21:01:03,64,13,51,scheduled reboot/rotation
powder doser,2026-09-19 05:00:01,2026-09-19 05:01:07,67,16,51,scheduled reboot/rotation
powder doser,2026-09-19 13:00:02,2026-09-19 13:01:05,64,15,49,scheduled reboot/rotation
powder doser,2026-09-19 21:00:00,2026-09-19 21:01:04,65,14,51,scheduled reboot/rotation
powder doser,2026-09-19 22:30:44,2026-09-20 05:01:03,23420,23409,11,no broadcast
powder doser,2026-09-20 13:00:01,2026-09-20 13:01:03,63,14,49,scheduled reboot/rotation
powder doser,2026-09-20 21:00:00,2026-09-20 21:01:07,68,17,51,scheduled reboot/rotation
powder doser,2026-09-21 01:18:12,2026-09-21 01:18:19,8,0,8,blip < 10 s
powder doser,2026-09-21 05:00:00,2026-09-21 05:01:06,67,15,52,scheduled reboot/rotation
powder doser,2026-09-21 13:00:00,2026-09-21 13:01:04,65,13,52,scheduled reboot/rotation
powder doser,2026-09-21 21:00:00,2026-09-21 21:01:03,64,14,50,scheduled reboot/rotation
powder doser,2026-09-22 04:59:59,2026-09-22 05:01:03,65,14,51,scheduled reboot/rotation
powder doser,2026-09-22 13:00:00,2026-09-22 13:01:04,65,14,51,scheduled reboot/rotation
powder doser,2026-09-22 21:00:00,2026-09-22 21:01:06,67,16,51,scheduled reboot/rotation
powder doser,2026-09-23 05:00:01,2026-09-23 05:01:04,64,15,49,scheduled reboot/rotation
powder doser,2026-09-23 08:03:46,2026-09-23 08:03:47,2,0,2,blip < 10 s
powder doser,2026-09-23 09:48:08,2026-09-23 09:48:08,1,0,1,blip < 10 s
powder doser,2026-09-23 12:19:15,2026-09-23 12:19:22,8,0,8,blip < 10 s
powder doser,2026-09-23 12:39:52,2026-09-23 12:39:55,4,0,4,blip < 10 s
powder doser,2026-09-23 12:40:08,2026-09-23 12:40:08,1,0,1,blip < 10 s
powder doser,2026-09-23 12:40:13,2026-09-23 12:40:13,1,0,1,blip < 10 s
powder doser,2026-09-23 13:00:01,2026-09-23 13:01:02,62,13,49,scheduled reboot/rotation
powder doser,2026-09-23 14:19:07,2026-09-23 14:21:39,153,0,153,broadcast live but no frames
powder doser,2026-09-23 14:26:42,2026-09-23 14:26:42,1,0,1,blip < 10 s
powder doser,2026-09-23 21:00:01,2026-09-23 21:01:05,65,15,50,scheduled reboot/rotation
powder doser,2026-09-24 05:00:01,2026-09-24 05:01:03,63,14,49,scheduled reboot/rotation
powder doser,2026-09-24 11:58:21,2026-09-24 13:01:33,3793,14,3779,broadcast live but no frames
powder doser,2026-09-24 13:22:42,2026-09-24 21:01:34,27533,27502,31,no broadcast
powder doser,2026-09-25 05:00:00,2026-09-25 05:01:03,64,14,50,scheduled reboot/rotation
powder doser,2026-09-25 13:00:02,2026-09-25 13:00:51,50,0,50,scheduled reboot/rotation
