id,device,start,video_s,unique,first,last,ambiguous,runs_dropped,unreadable,frames
aoSKhbujPhs,OT-2,2026-07-31T06:02:32Z,845.5,846,1785477748,1785478593,0,0,0,4373
YeSHtUEe6ac,OT-2,2026-07-31T06:17:01Z,1095.77,1095,1785478615,1785479709,0,0,0,4932
nEKgul42FQo,OT-2,2026-07-31T06:36:55Z,15789.97,15790,1785479810,1785495599,0,0,0,71067
amfCVwcyAEw,OT-2,2026-07-31T11:01:13Z,12579.97,12580,1785495667,1785508247,1,0,0,56623
D0ZNvAz6004,OT-2,2026-07-31T19:01:13Z,28730.87,28731,1785524469,1785553199,0,0,0,135702
9un7y5_ASro,OT-2,2026-08-01T03:01:15Z,28730.6,28731,1785553269,1785581999,0,0,0,131675
MFFEt8Z1RRU,OT-2,2026-08-01T11:01:12Z,28731.07,28732,1785582068,1785610799,0,0,0,134340
4fxgBxdSCG4,OT-2,2026-08-01T19:01:13Z,28730.17,28731,1785610869,1785639599,0,0,0,137367
16RSifgI3NM,OT-2,2026-08-02T03:01:11Z,28684.1,28686,1785639665,1785668399,1,0,0,147083
e1j8XMNcm-A,OT-2,2026-08-02T11:01:15Z,28494.37,28494,1785668471,1785697199,2,0,0,147222
CuWMbKjFwyE,OT-2,2026-08-02T19:01:15Z,28732.17,28732,1785697270,1785726001,0,0,0,148456
U4FR8vDcC6I,OT-2,2026-08-03T03:01:17Z,28440.17,28443,1785726072,1785754799,2,0,0,146943
A0c5zCeiEKQ,OT-2,2026-08-03T11:02:42Z,28649.17,28650,1785754952,1785783601,0,0,0,148032
o7PsSZH9weU,OT-2,2026-08-03T19:01:13Z,28655.6,28657,1785783669,1785812399,1,0,0,147249
djmkASYjeYU,OT-2,2026-08-04T03:02:15Z,28609.8,28612,1785812523,1785841199,1,0,0,147178
Vp_cVhC9ZUQ,OT-2,2026-08-04T11:02:19Z,28673.83,28675,1785841327,1785870001,0,0,0,148315
NqrtAZCvORs,OT-2,2026-08-04T19:01:15Z,28540.03,28538,1785870071,1785898799,4,0,0,147492
_kUn_hQMOig,OT-2,2026-08-05T03:01:14Z,28660.17,28662,1785898869,1785927599,1,0,0,148282
fzyvGpddIgo,OT-2,2026-08-05T11:01:15Z,28729.33,28729,1785927670,1785956399,1,0,0,148652
wi1ItzwcWs4,OT-2,2026-08-05T19:01:16Z,28731.77,28726,1785956470,1785985201,3,0,0,148505
01BmyCGSvw4,OT-2,2026-08-06T03:01:15Z,28729.6,28730,1785985270,1786013999,0,0,0,148091
8-YSwTPUB4g,OT-2,2026-08-06T11:01:16Z,28685.67,28682,1786014071,1786042799,2,2,0,148286
3T6qvkcY6MM,OT-2,2026-08-06T19:01:15Z,28695.07,28691,1786042871,1786071601,2,0,0,148363
YcpaXBgrN_M,OT-2,2026-08-07T03:01:15Z,28725.9,28726,1786071670,1786100401,1,0,0,148577
cj7KpWiUq58,OT-2,2026-08-07T11:01:17Z,28728.03,28729,1786100471,1786129199,0,0,0,148683
JS8BxwmYCco,OT-2,2026-08-07T19:01:14Z,28732.43,28733,1786129269,1786158001,0,0,0,149683
rCF42ffC0n4,OT-2,2026-08-08T03:01:17Z,28728.13,28729,1786158071,1786186799,0,0,0,149136
yrrJtEpj9cA,OT-2,2026-08-08T11:01:14Z,28731.5,28732,1786186870,1786215601,0,0,0,147350
B4lNzQqZZyk,OT-2,2026-08-08T19:01:17Z,28729.83,28730,1786215672,1786244401,0,0,0,148397
do8eay9wj4Q,OT-2,2026-08-09T03:01:16Z,28728.17,28728,1786244472,1786273199,0,0,0,146578
yTlreLPQ9Cg,OT-2,2026-08-09T11:01:13Z,28730.93,28732,1786273268,1786301999,0,0,0,148403
NsQkZErDuac,OT-2,2026-08-09T19:01:16Z,28729.73,28730,1786302070,1786330799,0,0,0,146828
a8_yLTs5ILY,OT-2,2026-08-10T03:01:14Z,28732.13,28733,1786330869,1786359601,0,0,0,147090
00Cxu-Zs6no,OT-2,2026-08-10T11:01:15Z,28728.57,28710,1786359671,1786388399,5,0,0,148561
UXZfRPML8Mw,OT-2,2026-08-10T19:01:12Z,28732.03,28699,1786388467,1786417199,10,0,0,148653
cvaeh0mynS4,OT-2,2026-08-11T03:01:16Z,28728.53,28728,1786417271,1786445999,1,0,0,148431
04PMRV8ikoM,OT-2,2026-08-11T11:01:15Z,28728.97,28730,1786446070,1786474799,0,0,0,148472
mR5JJ1GW4eM,OT-2,2026-08-11T19:01:17Z,28651.4,28653,1786474872,1786503599,1,0,0,148076
p_EYLkaLn2Q,OT-2,2026-08-12T03:01:17Z,28721.97,28722,1786503672,1786532399,1,0,0,148419
sobB4MqTojY,OT-2,2026-08-12T11:01:16Z,28724.73,28723,1786532471,1786561201,1,0,0,148508
4ErsWRH6am8,OT-2,2026-08-12T19:01:17Z,28730.37,28731,1786561271,1786590001,0,0,0,148539
HeTj998Z6n0,OT-2,2026-08-13T03:01:14Z,26979.97,26980,1786590070,1786617049,0,0,0,139507
ACMpxSvDj1A,OT-2,2026-08-13T11:01:16Z,28728.4,28728,1786618871,1786647599,1,0,0,148453
h5L2X0t_80w,OT-2,2026-08-13T19:01:18Z,28717.77,28681,1786647672,1786676401,17,0,0,148621
Uti2odDWn08,OT-2,2026-08-14T03:01:17Z,28728.37,28729,1786676471,1786705199,0,0,0,148433
ueuBXmf0Ahw,OT-2,2026-08-14T11:01:12Z,28733.3,28734,1786705268,1786734001,0,0,0,148462
wTCjdo72SoA,OT-2,2026-08-14T19:01:15Z,28729.9,28730,1786734070,1786762799,0,0,0,148549
6wNjaPsaVC0,OT-2,2026-08-15T03:01:15Z,28724.4,28724,1786762870,1786791599,1,0,0,148435
ve1LxwucMHU,OT-2,2026-08-15T11:01:15Z,26978.87,26980,1786791670,1786818649,0,0,0,139410
RjbX34gD8m0,OT-2,2026-08-15T19:01:15Z,28728.93,28729,1786820471,1786849199,0,0,0,148433
9RzXiq8FNY4,OT-2,2026-08-16T03:01:17Z,28729.3,28730,1786849272,1786878001,0,0,0,148443
RSRfPGs-NWU,OT-2,2026-08-16T11:01:18Z,26976.03,26976,1786878074,1786905049,0,0,0,139399
iNMMlbFY_EA,OT-2,2026-08-16T19:01:15Z,28728.77,28729,1786906871,1786935599,0,0,0,148432
vKJj5cnnRFU,OT-2,2026-08-17T03:01:16Z,28729.83,28730,1786935672,1786964401,0,0,0,148442
RbFlAqJu9PI,OT-2,2026-08-17T11:01:15Z,28729.43,28701,1786964470,1786993199,10,0,0,148568
UHFxl-M0h0g,OT-2,2026-08-17T19:01:17Z,28726.9,28673,1786993273,1787021999,9,0,0,149193
bBPfFgC_L7c,OT-2,2026-08-18T03:01:15Z,28729.77,28730,1787022070,1787050799,0,0,0,148850
iS2TLdM6qTI,OT-2,2026-08-18T11:01:17Z,28711.47,28666,1787050873,1787079599,13,0,0,149132
z_ryFK60Z6o,OT-2,2026-08-18T19:01:14Z,28623.43,28565,1787079668,1787108401,41,0,0,150844
2gc4DAgp1Yk,OT-2,2026-08-19T03:01:18Z,28720.2,28720,1787108473,1787137199,1,0,0,150378
4syh2OOYSxU,OT-2,2026-08-19T11:01:16Z,28729.97,28729,1787137272,1787166001,1,0,0,148874
LuAQUzW6UdM,OT-2,2026-08-19T19:01:18Z,28726.83,28727,1787166073,1787194799,0,0,0,148645
KdQXjN-dfPY,OT-2,2026-08-20T03:01:20Z,28725.93,28725,1787194875,1787223599,0,0,0,148418
2kQv09qOmJY,OT-2,2026-08-20T11:01:16Z,28729.67,28730,1787223672,1787252401,0,0,0,148596
mBDb_QkFtlI,OT-2,2026-08-20T19:01:16Z,28728.9,28725,1787252471,1787281199,1,0,0,148795
9hejOYMwRWA,OT-2,2026-08-21T03:01:18Z,28726.2,28727,1787281273,1787309999,0,0,0,148431
aG1eYkOwKsw,OT-2,2026-08-21T11:02:41Z,28643.6,28644,1787310156,1787338799,0,0,0,148057
81xJwbehI9w,OT-2,2026-08-21T19:01:15Z,28729.4,28708,1787338870,1787367599,10,0,0,148204
ePWlaP-KGHI,OT-2,2026-08-22T03:01:16Z,28728.03,28727,1787367672,1787396399,1,0,0,161513
xYGZ9O7f7l8,OT-2,2026-08-22T11:01:19Z,28726.67,28727,1787396473,1787425199,0,0,0,150151
mbd1KMnAxOg,OT-2,2026-08-22T19:01:17Z,28730.73,28731,1787425271,1787454001,0,0,0,148484
Nalg6j52jAE,OT-2,2026-08-23T03:01:16Z,28728.03,28729,1787454071,1787482799,0,0,0,148429
fVXHWvQdMak,OT-2,2026-08-23T11:01:11Z,28732.43,28733,1787482867,1787511599,0,0,0,148461
x8S0Vg-4WNA,OT-2,2026-08-23T19:01:19Z,28726.17,28726,1787511674,1787540399,0,0,0,148427
o56m2XvVVWQ,OT-2,2026-08-24T03:01:17Z,28728.9,28729,1787540471,1787569199,0,0,0,148433
oO2DeMK0kmA,OT-2,2026-08-24T11:01:14Z,28731.2,28731,1787569269,1787597999,0,0,0,148535
H7wP3307AMM,OT-2,2026-08-24T19:01:18Z,28727.17,28728,1787598072,1787626799,0,0,0,148501
pkzdYE3XjcQ,OT-2,2026-08-25T03:01:19Z,28728.23,28728,1787626872,1787655599,0,0,0,148436
OwASWu5hb80,OT-2,2026-08-25T11:01:16Z,28721.63,28712,1787655672,1787684399,4,0,0,148444
w-nFJD5uwfI,OT-2,2026-08-25T19:01:19Z,28728.47,28681,1787684473,1787713201,10,0,0,148488
HYqpMg4xkLs,OT-2,2026-08-26T03:01:21Z,28723.93,28724,1787713276,1787741999,0,0,0,148438
6qINd5MQKU8,OT-2,2026-08-26T11:01:12Z,28734.37,28735,1787742067,1787770801,0,0,0,148502
EMUm4D7gMTc,OT-2,2026-08-26T19:01:16Z,28717.97,28716,1787770870,1787799599,2,0,0,148421
ONzqKKgQKQc,OT-2,2026-08-27T03:01:16Z,28718.67,28717,1787799671,1787828401,2,0,0,148386
2UB-m-wzOKs,OT-2,2026-08-27T11:01:17Z,4362.4,4363,1787828471,1787832833,0,0,0,22540
AjbclxbtQnk,OT-2,2026-08-27T13:33:24Z,19532.33,19511,1787837598,1787857199,4,0,0,100952
JxoWGurWO-8,OT-2,2026-08-27T19:01:14Z,28670.1,28668,1787857270,1787885999,1,0,0,148232
rhLjFI8K3wg,OT-2,2026-08-28T03:01:17Z,28728.1,28726,1787886072,1787914799,1,0,0,148435
QAxAaE2Kxl4,OT-2,2026-08-28T11:01:19Z,28726.4,28710,1787914873,1787943599,4,0,0,148510
750HMQ89b3A,OT-2,2026-08-28T19:01:13Z,28703.2,28702,1787943668,1787972399,1,0,0,148408
BPgYJO7o41E,OT-2,2026-08-29T03:01:15Z,28729.2,28730,1787972470,1788001199,0,0,0,148458
6TlRLCbFXZc,OT-2,2026-08-29T11:01:17Z,28730.13,28731,1788001271,1788030001,0,0,0,148448
W4Yrivumyyw,OT-2,2026-08-29T19:01:16Z,28731.0,28731,1788030071,1788058801,0,0,0,148457
p1UMmUoolVQ,OT-2,2026-08-30T03:01:15Z,28729.67,28730,1788058870,1788087599,0,0,0,148442
RUBSE2GUgM4,OT-2,2026-08-30T11:01:19Z,28728.23,28729,1788087673,1788116401,0,0,0,148466
S_APKJk6row,OT-2,2026-08-30T19:01:16Z,28655.83,28654,1788116471,1788145201,1,0,0,148062
mKQmCnFJa-o,OT-2,2026-08-31T03:01:15Z,28728.67,28728,1788145271,1788173999,1,0,0,148432
Ha3qa6ZxeHE,OT-2,2026-08-31T11:01:15Z,28729.47,28705,1788174070,1788202799,6,0,0,148503
xw3hlHEqU7o,OT-2,2026-08-31T19:01:15Z,28729.7,28727,1788202870,1788231599,2,0,0,148446
aXUfYOBvuSc,OT-2,2026-09-01T03:01:17Z,28728.47,28729,1788231671,1788260399,0,0,0,148430
OSBA4LUDdC0,OT-2,2026-09-01T11:01:15Z,28729.63,28730,1788260470,1788289199,0,0,0,148436
AkutJuY4ouI,OT-2,2026-09-01T19:01:13Z,28733.53,28734,1788289268,1788318001,0,0,0,151077
IxhdbEZL2EU,OT-2,2026-09-02T03:01:17Z,28727.3,28728,1788318072,1788346799,0,0,0,148450
NQK7lg9ixr4,OT-2,2026-09-02T11:01:15Z,28730.63,28658,1788346870,1788375599,14,0,0,148557
dwYxquuKuQk,OT-2,2026-09-02T19:01:14Z,28732.63,28733,1788375669,1788404401,0,0,0,148945
4IeygNXXTiU,OT-2,2026-09-03T03:01:17Z,28727.9,28728,1788404472,1788433199,0,0,0,150014
PDSREETHf9g,OT-2,2026-09-03T11:01:14Z,28733.13,28734,1788433268,1788462001,0,0,0,149440
MARc-vh0Rgk,OT-2,2026-09-03T19:01:16Z,28682.57,28680,1788462070,1788490799,3,0,0,148546
zxVajPKyPeg,OT-2,2026-09-04T03:01:13Z,28731.3,28732,1788490868,1788519599,0,0,0,148508
bVEIvDAvjvE,OT-2,2026-09-04T11:01:45Z,23375.97,23335,1788519672,1788543047,6,0,0,121269
QDNXgAuWGoM,OT-2,2026-09-04T19:01:15Z,28728.87,28729,1788548471,1788577199,0,0,0,148548
-BtsxXKMs6g,OT-2,2026-09-05T03:01:13Z,28731.07,28731,1788577269,1788605999,0,0,0,148448
rbyBGwKyWwc,OT-2,2026-09-05T11:01:17Z,28729.63,28730,1788606072,1788634801,0,0,0,148521
Ouc0zWJZM9w,OT-2,2026-09-05T19:01:13Z,28619.5,28619,1788634868,1788663599,1,0,0,133892
Lm1GTVgUrN0,OT-2,2026-09-06T03:01:14Z,28732.07,28732,1788663670,1788692401,0,0,0,129305
L8ExTI2GPQI,OT-2,2026-09-06T11:01:17Z,28728.33,28727,1788692471,1788721199,2,0,0,129277
9OpctzGHTKk,OT-2,2026-09-06T19:01:12Z,28731.2,28732,1788721268,1788749999,0,0,0,129292
8W2N5ywvgLk,OT-2,2026-09-07T03:01:14Z,28730.67,28731,1788750069,1788778799,0,0,0,129287
ACqCbBuW4-4,OT-2,2026-09-07T11:01:16Z,28731.0,28731,1788778871,1788807601,0,0,0,129946
9jMFGrsOW5A,OT-2,2026-09-07T19:01:18Z,28725.4,28726,1788807674,1788836399,0,0,0,129917
RYJn-pg_0uM,OT-2,2026-09-08T03:01:13Z,28724.93,28725,1788836469,1788865199,1,0,0,129279
XHW9jVzj4l0,OT-2,2026-09-08T11:01:15Z,28729.57,28729,1788865270,1788893999,1,0,0,147262
bQDrYpT3vaE,OT-2,2026-09-08T19:01:16Z,28655.63,28651,1788894071,1788922799,4,0,0,146083
fVAdtEFGPV8,OT-2,2026-09-09T03:01:15Z,28729.73,28730,1788922870,1788951599,0,0,0,129286
wEd6BqfF3f8,OT-2,2026-09-09T11:01:17Z,28661.37,28660,1788951672,1788980401,1,0,0,143615
I8e2Xsjp5lY,OT-2,2026-09-09T19:01:16Z,28727.93,28712,1788980472,1789009199,4,0,0,146156
p6PY2gz_hmw,OT-2,2026-09-10T03:01:15Z,28729.73,28730,1789009270,1789037999,0,0,0,147723
pfyr2LBOLlE,OT-2,2026-09-10T11:01:15Z,23380.03,23361,1789038070,1789061449,3,0,0,120920
L0Mtg2ROZy4,OT-2,2026-09-10T19:09:32Z,40.7,41,1789067367,1789067407,0,0,0,246
IybPYz4uOcs,OT-2,2026-09-10T19:11:19Z,28125.6,28125,1789067474,1789095599,1,0,0,145648
7Y9MCPJ2dQE,OT-2,2026-09-11T03:01:15Z,28729.63,28730,1789095670,1789124399,0,0,0,148436
3OUqZmIVoyc,OT-2,2026-09-11T11:01:15Z,12579.47,12580,1789124470,1789137049,0,0,0,65012
PDXyVRFqaZE,OT-2,2026-09-11T19:01:15Z,28729.63,28729,1789153270,1789181999,1,0,0,150519
xubbiZalslo,OT-2,2026-09-12T03:01:12Z,28718.03,28718,1789182067,1789210801,3,0,0,148379
rFPja6NC8-Y,OT-2,2026-09-12T11:01:15Z,28725.4,28725,1789210870,1789239601,1,0,0,148424
g1n74uHXZ_0,OT-2,2026-09-12T19:01:15Z,28728.93,28730,1789239670,1789268399,0,0,0,148433
jGAqnN7HL94,OT-2,2026-09-13T03:01:14Z,28732.93,28733,1789268469,1789297201,0,0,0,148454
z92zVZWk6uw,OT-2,2026-09-13T11:01:15Z,23379.93,23380,1789297270,1789320649,0,0,0,120805
-bcqtIEa70Q,OT-2,2026-09-13T19:01:17Z,28728.13,28729,1789326071,1789354799,0,0,0,148429
Pjcvu93jlEU,OT-2,2026-09-14T03:01:13Z,28732.93,28734,1789354868,1789383601,0,0,0,148453
AlC9s93PYqQ,OT-2,2026-09-14T11:01:15Z,28731.13,28732,1789383670,1789412401,0,0,0,148618
zmGweURu-z8,OT-2,2026-09-14T19:01:15Z,28731.23,28732,1789412470,1789441201,0,0,0,149091
U7wRGgEWbUI,OT-2,2026-09-15T03:01:14Z,28730.87,28727,1789441269,1789469999,1,0,0,148448
Ti5p4FYd2Zc,OT-2,2026-09-15T11:01:15Z,28731.6,28716,1789470068,1789498799,4,0,0,148823
5VEePotHfFg,OT-2,2026-09-15T19:01:13Z,28733.3,28733,1789498869,1789527601,0,0,0,149113
vNYoQKxo-Po,OT-2,2026-09-16T03:01:14Z,28730.43,28731,1789527669,1789556399,0,0,0,148441
1QMEl8N65wY,OT-2,2026-09-16T11:01:14Z,26978.03,26978,1789556470,1789583447,0,0,0,140081
w4GLtQrtEY8,OT-2,2026-09-16T19:01:17Z,28728.27,28729,1789585271,1789613999,0,0,0,149138
68jbeGmKeeU,OT-2,2026-09-17T03:01:16Z,28729.97,28730,1789614070,1789642799,0,0,0,148557
G1A_fnr-lAo,OT-2,2026-09-17T11:01:14Z,28724.2,28724,1789642870,1789671600,1,0,0,148775
fTTq9kQe-g4,OT-2,2026-09-17T19:01:16Z,28723.0,28722,1789671671,1789700399,1,0,0,148902
Dcqf4jtMwJU,OT-2,2026-09-18T03:01:15Z,28730.87,28731,1789700470,1789729200,0,0,0,148443
Yw3IvPbt6Ng,OT-2,2026-09-18T11:01:18Z,28359.57,28354,1789729271,1789757999,5,0,0,146663
DTojtoWxzVo,OT-2,2026-09-18T19:01:16Z,6112.3,6109,1789758070,1789764417,2,0,0,31617
Vjxr9GaNORM,OT-2,2026-09-18T20:50:20Z,2393.57,2359,1789764615,1789767049,7,0,0,12368
8k2wXOMDgT0,OT-2,2026-09-19T03:01:17Z,28730.07,28730,1789786872,1789815601,0,0,0,148440
4OvZIbXgoI0,OT-2,2026-09-19T11:01:19Z,28727.17,28727,1789815674,1789844400,0,0,0,148424
6kMsm-0uwEc,OT-2,2026-09-19T19:01:15Z,28725.03,28724,1789844469,1789873200,1,0,0,148423
ckMZ591pwFE,OT-2,2026-09-20T03:01:13Z,7155.67,7156,1789873268,1789880423,0,0,0,36971
1CqpJ9UillE,OT-2,2026-09-20T11:01:18Z,28729.87,28730,1789902072,1789930801,0,0,0,148437
GPbTK5NZx7Q,OT-2,2026-09-20T19:01:14Z,28731.0,28732,1789930869,1789959600,0,0,0,148443
WDzZwTPMmWc,OT-2,2026-09-21T03:01:15Z,28730.17,28730,1789959670,1789988399,0,0,0,148438
qpPRLoWkQm8,OT-2,2026-09-21T11:01:14Z,28730.57,28729,1789988469,1790017199,1,0,0,148509
G-BAJzrMlFk,OT-2,2026-09-21T19:01:14Z,28731.27,28731,1790017269,1790045999,0,0,0,148592
i3ttoEFvu_w,OT-2,2026-09-22T03:01:13Z,28733.43,28733,1790046069,1790074801,0,0,0,148463
b-3LeIWqPu0,OT-2,2026-09-22T11:01:15Z,28731.37,28731,1790074870,1790103600,0,0,0,148482
_zhvBpYfKv8,OT-2,2026-09-22T19:01:14Z,28732.37,28732,1790103670,1790132401,0,0,0,148495
HpsvJRElQhs,OT-2,2026-09-23T03:01:21Z,28727.23,28728,1790132473,1790161200,0,0,0,148424
W75O2MFDo_c,OT-2,2026-09-23T11:01:18Z,27222.8,27223,1790161272,1790188501,1,0,0,141054
W9ySwEtxdYw,OT-2,2026-09-23T19:15:43Z,42.0,42,1790190937,1790190978,0,0,0,219
O6ECKbkp8gU,OT-2,2026-09-23T19:17:31Z,27755.03,27755,1790191047,1790218801,0,0,0,143501
vk8IaCVHB08,OT-2,2026-09-24T03:01:17Z,28727.9,28700,1790218872,1790247599,23,0,0,148428
DP72SfRWX6E,OT-2,2026-09-24T11:01:16Z,25028.7,25029,1790247671,1790272699,0,0,0,129359
hdITxMTGrJE,OT-2,2026-09-24T19:01:29Z,1274.8,1274,1790276484,1790277757,0,0,0,6590
JLmw1T8piLE,OT-2,2026-09-25T03:01:26Z,28721.07,28720,1790305280,1790334000,1,0,0,148392
kZPVCP8pBpw,OT-2,2026-09-25T11:01:17Z,28520.07,28518,1790334072,1790362800,3,0,0,147362
9XQqOj42GLw,OT-2,2026-09-25T19:01:15Z,540.7,541,1790362869,1790363409,0,0,0,16221
wFa_MCNAZhQ,OT-2,2026-09-25T20:58:10Z,1166.03,1160,1790369885,1790371050,2,0,0,34981
mRgVbT9TSpA,powder doser,2026-07-30T19:22:09Z,27478.57,27478,1785439324,1785466801,0,0,0,143382
zI_OQjPJdlo,powder doser,2026-07-31T03:01:12Z,28722.97,28720,1785466867,1785495599,2,0,0,150035
RCto1_RRjPU,powder doser,2026-07-31T11:01:11Z,12578.7,12579,1785495665,1785508243,0,0,0,65521
3YWzFpJGaNs,powder doser,2026-07-31T19:01:10Z,28734.87,28735,1785524465,1785553199,0,0,0,149798
-TROWJm16HU,powder doser,2026-08-01T03:01:13Z,28732.7,28733,1785553267,1785581999,0,0,0,149317
TZAQPscRPSA,powder doser,2026-08-01T11:01:10Z,28734.53,28735,1785582065,1785610799,0,0,0,150217
T3jV4dtLfYA,powder doser,2026-08-01T19:01:10Z,28735.07,28735,1785610865,1785639599,0,0,0,149511
hJ-kDLtf8MA,powder doser,2026-08-02T03:01:11Z,28746.67,28733,1785639653,1785668399,2,0,0,149592
SyDxfsM6cYM,powder doser,2026-08-02T11:01:09Z,28735.5,28735,1785668464,1785697199,1,0,0,149549
a1otj8cWm-Q,powder doser,2026-08-02T19:01:13Z,28731.67,28732,1785697268,1785725999,0,0,0,149729
ozF9cPYaoOA,powder doser,2026-08-03T03:01:08Z,28736.87,28737,1785726063,1785754799,0,0,0,149675
aovvOnJkZv8,powder doser,2026-08-03T11:01:10Z,28735.33,28735,1785754865,1785783599,0,0,0,150424
6c8wT5yDksA,powder doser,2026-08-03T19:01:11Z,28733.67,28734,1785783666,1785812399,0,0,0,149716
ucEqQCjueik,powder doser,2026-08-04T03:01:11Z,28734.5,28735,1785812465,1785841199,0,0,0,149413
kVjTB-Wz_nU,powder doser,2026-08-04T11:01:11Z,28735.23,28707,1785841265,1785869999,13,0,0,151672
w1D5DRiHFWM,powder doser,2026-08-04T19:01:12Z,28733.37,28733,1785870067,1785898799,0,0,0,152407
vkULqs6oXG4,powder doser,2026-08-05T03:01:12Z,28736.33,28736,1785898865,1785927601,1,0,0,149843
5ENY3XL4yhc,powder doser,2026-08-05T11:01:11Z,28735.6,28736,1785927666,1785956401,0,0,0,149877
_iDB8z83GdQ,powder doser,2026-08-05T19:01:10Z,28734.8,28735,1785956465,1785985199,0,0,0,150138
M_QvbpX2qoU,powder doser,2026-08-06T03:01:10Z,28731.3,28731,1785985264,1786014001,1,0,0,149932
UDCxlnSBsLg,powder doser,2026-08-06T11:01:11Z,28698.37,28698,1786014065,1786042799,1,0,0,149693
v06f3AIs_Zo,powder doser,2026-08-06T19:01:10Z,28705.37,28704,1786042865,1786071601,2,0,0,149839
15Dw7XIYpUI,powder doser,2026-08-07T03:01:13Z,28583.97,28582,1786071667,1786100399,5,0,0,148642
ejYmdq_sCYk,powder doser,2026-08-07T11:01:10Z,28736.4,28737,1786100465,1786129201,0,0,0,150149
PHSKnJouJ3U,powder doser,2026-08-07T19:01:14Z,28730.83,28731,1786129269,1786157999,0,0,0,152210
1OEn9mp_cdg,powder doser,2026-08-08T03:01:10Z,28734.2,28734,1786158066,1786186799,0,0,0,149263
PIq0MDRVkjc,powder doser,2026-08-08T11:01:10Z,28735.03,28735,1786186865,1786215599,0,0,0,150397
igK1XU1WBpQ,powder doser,2026-08-08T19:01:10Z,28735.23,28735,1786215665,1786244399,0,0,0,150480
vm6SVQZ1Mkc,powder doser,2026-08-09T03:01:10Z,28737.07,28737,1786244465,1786273201,0,0,0,149730
ER-xcHmC99M,powder doser,2026-08-09T11:01:12Z,28733.47,28734,1786273266,1786301999,0,0,0,149715
JjXCoG6wTr4,powder doser,2026-08-09T19:01:12Z,28735.2,28735,1786302067,1786330801,0,0,0,149329
y4rcqeHoBbU,powder doser,2026-08-10T03:01:11Z,28735.87,28736,1786330864,1786359599,0,0,0,149528
9Fo8fmrKyIg,powder doser,2026-08-10T11:01:10Z,19778.13,19775,1786359666,1786379443,1,0,0,103043
c1Wh1mDMX0U,powder doser,2026-08-10T19:01:12Z,28733.5,28734,1786388466,1786417199,0,0,0,149960
mpxMMxPcJl0,powder doser,2026-08-11T03:01:12Z,28735.7,28736,1786417266,1786446001,0,0,0,149380
3UlVz61aPAE,powder doser,2026-08-11T11:01:13Z,25407.63,25408,1786446068,1786471475,0,0,0,133522
26rpwuy9CdM,powder doser,2026-08-11T20:21:10Z,23935.03,23935,1786479665,1786503599,0,0,0,123747
9D-_rwgCwAg,powder doser,2026-08-12T03:01:11Z,28736.1,28736,1786503666,1786532401,0,0,0,148952
ktdDxEsDodc,powder doser,2026-08-12T11:01:13Z,28735.93,28736,1786532466,1786561201,0,0,0,148588
k9gPANBiMjU,powder doser,2026-08-12T19:01:14Z,28733.03,28732,1786561267,1786589999,1,0,0,151123
2dxftVIf-1g,powder doser,2026-08-13T03:01:12Z,26939.57,26940,1786590066,1786617005,0,0,0,139245
sWy8jrvT47E,powder doser,2026-08-13T11:01:11Z,28735.37,28735,1786618866,1786647601,1,0,0,149496
mxX6IeAjGtk,powder doser,2026-08-13T19:01:13Z,28726.67,28723,1786647668,1786676399,3,0,0,149270
h7fI_cTZUbI,powder doser,2026-08-14T03:01:13Z,28732.17,28732,1786676468,1786705199,0,0,0,148546
snZanUGqLh4,powder doser,2026-08-14T11:01:14Z,28732.37,28733,1786705269,1786734001,0,0,0,148564
lsKcP_y-itc,powder doser,2026-08-14T19:01:09Z,1660.9,1661,1786734065,1786735725,0,0,0,8648
LtEjtI1XVjg,powder doser,2026-08-14T19:39:57Z,26408.53,26408,1786736391,1786762799,1,0,0,137778
BdoK8jF4N-c,powder doser,2026-08-15T03:01:09Z,28731.13,28730,1786762865,1786791601,1,0,0,148457
XJ5TRApc6pI,powder doser,2026-08-15T11:01:11Z,26978.63,26979,1786791665,1786818643,0,0,0,139428
dvwTvY4lcqI,powder doser,2026-08-15T19:01:12Z,28733.17,28733,1786820467,1786849199,0,0,0,151679
0e2Tu5qt9f8,powder doser,2026-08-16T03:01:11Z,28728.33,28728,1786849265,1786877999,1,0,0,148450
9o6kV93Qfzw,powder doser,2026-08-16T11:01:09Z,26979.83,26980,1786878064,1786905043,0,0,0,139415
OJFN4eRzZWw,powder doser,2026-08-16T19:01:12Z,28733.47,28734,1786906866,1786935599,0,0,0,148481
LJKKjuFc-bY,powder doser,2026-08-17T03:01:11Z,28736.63,28737,1786935665,1786964401,0,0,0,152422
KLyuu6sPdqg,powder doser,2026-08-17T11:01:11Z,28735.9,28717,1786964466,1786993201,7,0,0,149561
7gmbyrc4aLk,powder doser,2026-08-17T19:01:10Z,28736.27,28736,1786993266,1787022001,0,0,0,148578
sa0TcRra_KE,powder doser,2026-08-18T03:01:10Z,28734.67,28735,1787022065,1787050799,0,0,0,148504
6_T8gyoGIwE,powder doser,2026-08-18T11:01:11Z,28723.5,28721,1787050866,1787079599,2,0,0,148803
HEW-tLJdGVk,powder doser,2026-08-18T19:01:10Z,28747.63,28735,1787079652,1787108399,2,0,0,148550
58VVuoCYXV0,powder doser,2026-08-19T03:01:16Z,28733.27,28734,1787108466,1787137199,0,0,0,148476
vw_2-OjH4b4,powder doser,2026-08-19T11:01:11Z,13766.13,13766,1787137266,1787151031,0,0,0,71261
rJcqtYHWhGM,powder doser,2026-08-19T15:17:16Z,13370.23,13366,1787152632,1787166001,3,0,0,69966
ExFWu2axisw,powder doser,2026-08-19T19:01:13Z,28731.33,28732,1787166068,1787194799,0,0,0,149011
0z-fWUC2EzA,powder doser,2026-08-20T03:01:10Z,28735.87,28736,1787194864,1787223599,0,0,0,148572
_1u-y15Z5q8,powder doser,2026-08-20T11:01:11Z,28734.77,28735,1787223665,1787252399,0,0,0,149614
23PlXoQgjPQ,powder doser,2026-08-20T19:01:11Z,28736.53,28737,1787252465,1787281201,0,0,0,149378
yW565bwJYiU,powder doser,2026-08-21T03:01:10Z,28734.8,28735,1787281265,1787309999,0,0,0,148498
7orNsBiLW2M,powder doser,2026-08-21T11:01:11Z,28734.97,28735,1787310065,1787338799,0,0,0,150002
Ma91Vx8U-YY,powder doser,2026-08-21T19:01:15Z,28732.27,28732,1787338868,1787367599,0,0,0,148809
nbFCzG_aNw0,powder doser,2026-08-22T03:01:13Z,28734.17,28734,1787367667,1787396401,1,0,0,148626
_exar2fqlIA,powder doser,2026-08-22T11:01:14Z,28734.1,28734,1787396468,1787425201,0,0,0,148565
EMYOm7v9Hzo,powder doser,2026-08-22T19:01:13Z,28731.93,28732,1787425268,1787453999,0,0,0,148697
NIdlGpYq_Uk,powder doser,2026-08-23T03:01:11Z,28734.63,28735,1787454065,1787482799,0,0,0,148628
qTx6VRLkeLw,powder doser,2026-08-23T11:01:22Z,28722.87,28723,1787482877,1787511599,0,0,0,148477
IoYbdSeIWZA,powder doser,2026-08-23T19:01:10Z,28734.5,28735,1787511665,1787540399,0,0,0,148512
CAngpORasLo,powder doser,2026-08-24T03:01:13Z,28735.0,28735,1787540467,1787569201,0,0,0,148608
lYdybwWeokw,powder doser,2026-08-24T11:01:10Z,28737.27,28738,1787569264,1787598001,0,0,0,148818
nMxgy9Cgl38,powder doser,2026-08-24T19:01:12Z,28734.07,28734,1787598066,1787626799,0,0,0,148984
6tkNYOMrHks,powder doser,2026-08-25T03:01:15Z,28733.93,28734,1787626868,1787655601,0,0,0,148621
bmTtonlpvro,powder doser,2026-08-25T11:01:14Z,28731.3,28731,1787655669,1787684399,0,0,0,149155
f1vsPFswHC0,powder doser,2026-08-25T19:01:15Z,28733.37,28733,1787684469,1787713201,0,0,0,148803
jasAf5kFVPA,powder doser,2026-08-26T03:01:17Z,28731.83,28732,1787713270,1787742001,0,0,0,148820
zCrweirXPi0,powder doser,2026-08-26T11:01:13Z,28730.3,28731,1787742068,1787770799,1,0,0,148998
b3cQIbIQQVI,powder doser,2026-08-26T19:01:12Z,28724.07,28721,1787770866,1787799601,2,0,0,148701
PD4CBZZ8SM4,powder doser,2026-08-27T03:01:11Z,28722.33,28719,1787799665,1787828401,3,0,0,148480
Bqck9uKHCuI,powder doser,2026-08-27T11:01:11Z,4367.13,4367,1787828467,1787832833,0,0,0,22620
LG1i7wDUXMQ,powder doser,2026-08-27T13:33:18Z,19607.73,19608,1787837592,1787857199,0,0,0,101401
TCdLDn1wnDQ,powder doser,2026-08-27T19:01:09Z,28735.93,28736,1787857264,1787885999,0,0,0,148741
Chl21zAxbkc,powder doser,2026-08-28T03:01:14Z,28734.27,28734,1787886068,1787914801,0,0,0,148577
2RzT9hWaK8U,powder doser,2026-08-28T11:01:12Z,28733.4,28734,1787914866,1787943599,0,0,0,148536
tzUnNmWkgDA,powder doser,2026-08-28T19:01:09Z,28736.43,28737,1787943663,1787972399,0,0,0,148686
WDSg9Vj8Z14,powder doser,2026-08-29T03:01:11Z,28737.5,28738,1787972464,1788001201,0,0,0,148602
okxuitxw2-8,powder doser,2026-08-29T11:01:11Z,28736.23,28736,1788001266,1788030001,0,0,0,148558
HgsQmTGb5rM,powder doser,2026-08-29T19:01:14Z,28730.57,28731,1788030069,1788058799,0,0,0,148604
9EVWnARmbuk,powder doser,2026-08-30T03:01:11Z,28735.57,28736,1788058866,1788087601,0,0,0,148539
JqKcGw7KKjU,powder doser,2026-08-30T11:01:13Z,28726.93,28726,1788087667,1788116399,1,0,0,148537
IyOcSl0oHRk,powder doser,2026-08-30T19:01:10Z,28737.4,28738,1788116464,1788145201,0,0,0,148628
viOI7qz27zk,powder doser,2026-08-31T03:01:11Z,28733.57,28734,1788145266,1788173999,0,0,0,148569
waJHwkMzuwk,powder doser,2026-08-31T11:01:09Z,28736.03,28736,1788174064,1788202799,0,0,0,148744
St6rWZIc_HE,powder doser,2026-08-31T19:01:13Z,28733.7,28734,1788202866,1788231599,0,0,0,148580
gIccn8I5Jug,powder doser,2026-09-01T03:01:14Z,28732.07,28732,1788231668,1788260399,0,0,0,148673
BH0wATmJbMs,powder doser,2026-09-01T11:01:10Z,28737.67,28738,1788260464,1788289201,0,0,0,148846
LMht8ZEB86E,powder doser,2026-09-01T19:01:14Z,28733.67,28734,1788289268,1788318001,0,0,0,148830
sjViuI8QTl4,powder doser,2026-09-02T03:01:13Z,28732.0,28732,1788318068,1788346799,0,0,0,148630
f2QRqbsf2rA,powder doser,2026-09-02T11:01:10Z,28688.9,28650,1788346865,1788375599,10,0,0,148435
oA8SNrIXLq0,powder doser,2026-09-02T19:01:10Z,28735.17,28735,1788375665,1788404399,0,0,0,148972
ToYgfmwCoos,powder doser,2026-09-03T03:01:12Z,28734.23,28734,1788404466,1788433199,0,0,0,149217
AvK-wSqQGrQ,powder doser,2026-09-03T11:01:08Z,24597.8,24598,1788433264,1788457861,0,0,0,128074
GjNhlw72-z0,powder doser,2026-09-03T19:37:20Z,13.23,13,1788464235,1788464247,0,0,0,210
zWdHivvfKPA,powder doser,2026-09-03T19:38:36Z,65.5,66,1788464310,1788464375,0,0,0,930
xjtJNMo8DKw,powder doser,2026-09-03T20:05:37Z,24853.0,24850,1788465931,1788490799,3,0,0,139188
2FLJhr1YE4A,powder doser,2026-09-04T03:01:14Z,28731.97,28732,1788490868,1788519599,0,0,0,157092
N4aevKM-BQc,powder doser,2026-09-04T11:01:09Z,28727.2,28727,1788519664,1788548401,1,1,0,151597
JrdlEVz18R0,powder doser,2026-09-04T19:01:11Z,28734.6,28735,1788548465,1788577199,0,0,0,152533
w2iBW8U8mLc,powder doser,2026-09-05T03:01:09Z,28736.77,28737,1788577263,1788605999,0,0,0,151259
jKdbOSr6fY0,powder doser,2026-09-05T11:01:09Z,28738.13,28738,1788606064,1788634801,0,0,0,150247
h1j2scpaJR0,powder doser,2026-09-05T19:01:14Z,26978.13,26978,1788634868,1788661845,0,0,0,140844
DrZuj0yvMBs,powder doser,2026-09-06T03:01:11Z,28726.97,28725,1788663667,1788692399,1,0,0,155997
Je87yROm8BY,powder doser,2026-09-06T11:01:10Z,28735.0,28735,1788692465,1788721199,0,0,0,150108
QBqslGP0oIM,powder doser,2026-09-06T19:01:10Z,28736.07,28736,1788721264,1788749999,0,0,0,154952
ckRHdFsFt1Y,powder doser,2026-09-07T03:01:11Z,28732.8,28733,1788750067,1788778799,0,0,0,154781
5WVe8qs9KC8,powder doser,2026-09-07T11:01:11Z,28736.43,28736,1788778866,1788807601,0,0,0,151044
nKRlK7GYojE,powder doser,2026-09-07T19:01:12Z,28732.43,28733,1788807667,1788836399,0,0,0,150628
jyJ7CIHo29c,powder doser,2026-09-08T03:01:08Z,28736.67,28737,1788836463,1788865199,0,0,0,154704
ZNVp-45Wimk,powder doser,2026-09-08T11:01:09Z,28738.67,28737,1788865263,1788894001,1,0,0,151171
fYvC0UJN6Ro,powder doser,2026-09-08T19:01:12Z,28682.2,28688,1788894067,1788922801,5,0,0,151473
5_jeZoJyAgk,powder doser,2026-09-09T03:01:11Z,28737.4,28738,1788922864,1788951601,0,0,0,153177
cL7gRQLVpCc,powder doser,2026-09-09T11:01:10Z,28736.87,28737,1788951665,1788980401,0,0,0,150652
DSWvWUz_YGM,powder doser,2026-09-09T19:01:10Z,28735.83,28735,1788980465,1789009199,0,0,0,157512
JH-omIm-B00,powder doser,2026-09-10T03:01:11Z,28734.4,28735,1789009265,1789037999,0,0,0,153147
8GwtWc9_Mpc,powder doser,2026-09-10T11:01:14Z,23369.8,23369,1789038068,1789061443,1,0,0,125008
ICtO7rPS5ws,powder doser,2026-09-10T19:01:11Z,28730.3,28729,1789066865,1789095599,1,0,0,152978
idilTWn8VIc,powder doser,2026-09-11T03:01:11Z,28734.37,28734,1789095666,1789124399,0,0,0,152096
RiMyJPo5fes,powder doser,2026-09-11T11:01:10Z,14322.6,14322,1789124464,1789138791,1,0,0,74866
QWbd_k6Bugc,powder doser,2026-09-11T19:01:11Z,28737.27,28737,1789153265,1789182001,0,0,0,148805
SAZ88lrFs00,powder doser,2026-09-12T03:01:10Z,28724.63,28726,1789182064,1789210799,1,0,0,150186
MlTSnWdb3so,powder doser,2026-09-12T11:01:10Z,28735.9,28736,1789210864,1789239599,0,0,0,148813
FjJWG7t-gig,powder doser,2026-09-12T19:01:12Z,28735.13,28735,1789239665,1789268399,0,0,0,150104
prBrUXZS6h4,powder doser,2026-09-13T03:01:10Z,28734.97,28735,1789268465,1789297199,0,0,0,149218
7py8jad72Hs,powder doser,2026-09-13T11:01:12Z,28734.83,28735,1789297267,1789326001,0,0,0,149097
DwLSxcY289k,powder doser,2026-09-13T19:01:12Z,28734.63,28735,1789326065,1789354799,0,0,0,149087
Xzm9Ay8kWiA,powder doser,2026-09-14T03:01:14Z,28733.33,28734,1789354866,1789383599,0,0,0,149747
xwRybDmm8Tc,powder doser,2026-09-14T11:01:10Z,28735.6,28736,1789383664,1789412399,0,0,0,150214
wn2vf0Yyo58,powder doser,2026-09-14T19:01:10Z,28737.9,28738,1789412464,1789441201,0,0,0,150297
Tl9iE4wHTsw,powder doser,2026-09-15T03:01:14Z,12578.8,12579,1789441265,1789453843,0,0,0,65379
r6ZEN1O8B0Y,powder doser,2026-09-15T11:01:10Z,24877.07,24856,1789470065,1789494941,4,0,0,130793
z6Tlf-42KnQ,powder doser,2026-09-15T18:11:24Z,2923.53,2924,1789495877,1789498800,0,0,0,15687
zQw_n-QoatM,powder doser,2026-09-15T19:01:10Z,28736.37,28735,1789498864,1789527599,1,0,0,149739
PX42p9KZFr8,powder doser,2026-09-16T03:01:09Z,28737.57,28738,1789527663,1789556400,0,0,0,148624
0D1pRlOpU0s,powder doser,2026-09-16T11:01:09Z,26980.17,26980,1789556464,1789583443,0,0,0,139658
Zbc1jcaBu-k,powder doser,2026-09-16T19:01:11Z,28734.2,28734,1789585266,1789613999,0,0,0,150074
F7IsSgJlofs,powder doser,2026-09-17T03:01:10Z,28730.13,28730,1789614064,1789642800,1,0,0,149086
V8wPcxur1kg,powder doser,2026-09-17T11:01:10Z,28731.2,28731,1789642864,1789671601,1,0,0,149256
R-wKYstbpp4,powder doser,2026-09-17T19:01:10Z,28737.0,28737,1789671665,1789700401,0,0,0,148647
zS8ltcbIJbI,powder doser,2026-09-18T03:01:10Z,28736.17,28736,1789700464,1789729199,0,0,0,148617
Rw_JkVYa6u4,powder doser,2026-09-18T11:01:14Z,28733.1,28733,1789729269,1789758001,0,0,0,148578
lR6ulq2s6mw,powder doser,2026-09-18T19:01:12Z,28733.1,28733,1789758067,1789786799,0,0,0,149162
j6AW65QB0-o,powder doser,2026-09-19T03:01:09Z,28736.97,28737,1789786864,1789815600,0,0,0,148882
qd__IICquOQ,powder doser,2026-09-19T11:01:13Z,28734.1,28734,1789815668,1789844401,0,0,0,148581
5ZsuFDGNgo8,powder doser,2026-09-19T19:01:12Z,28734.27,28734,1789844466,1789873199,0,0,0,148568
HWLvPdBQ7Kc,powder doser,2026-09-20T03:01:10Z,5379.6,5379,1789873265,1789878643,0,0,0,27862
ahXzYg2kjX8,powder doser,2026-09-20T11:01:10Z,28737.5,28737,1789902064,1789930800,0,0,0,148733
-S-B2K4oi6o,powder doser,2026-09-20T19:01:10Z,28736.03,28736,1789930864,1789959599,0,0,0,148642
UyGGmVbENFo,powder doser,2026-09-21T03:01:14Z,28724.53,28724,1789959668,1789988399,1,0,0,149244
YxQBAyyfmA4,powder doser,2026-09-21T11:01:12Z,28733.33,28733,1789988467,1790017199,0,0,0,148728
0nCFj9vnYnU,powder doser,2026-09-21T19:01:10Z,28734.97,28735,1790017265,1790045999,0,0,0,148863
CEe6b2GsWqg,powder doser,2026-09-22T03:01:10Z,28735.37,28735,1790046064,1790074798,0,0,0,148507
3X--YzemTnA,powder doser,2026-09-22T11:01:08Z,28736.97,28736,1790074864,1790103599,0,0,0,148870
15lx7HVVej4,powder doser,2026-09-22T19:01:10Z,28734.83,28735,1790103665,1790132399,0,0,0,149168
UTBdhQ_Skaw,powder doser,2026-09-23T03:01:13Z,28734.0,28734,1790132467,1790161200,0,0,0,148712
xTHGPX6NiE4,powder doser,2026-09-23T11:01:11Z,28730.4,28719,1790161265,1790190000,6,0,0,148604
0LGYB7VZ14Q,powder doser,2026-09-23T19:01:09Z,28585.13,28584,1790190063,1790218800,2,0,0,147998
Cco31Ie2WMU,powder doser,2026-09-24T03:01:22Z,28734.47,28735,1790218866,1790247600,0,0,0,148630
YevNJHhZWpw,powder doser,2026-09-24T11:01:09Z,25037.23,25037,1790247664,1790272700,0,0,0,129753
uphn_0N2KOA,powder doser,2026-09-24T19:01:41Z,1267.37,1268,1790276494,1790277761,0,0,0,6712
A9XC3CF-Qak,powder doser,2026-09-25T03:01:40Z,28704.63,28705,1790305295,1790333999,0,0,0,148517
DQ0NiQRDLBs,powder doser,2026-09-25T11:01:10Z,28736.77,28738,1790334064,1790362801,0,0,0,148663
